Alcohol,CH4,CO,H2,LPG,Propane,Smoke,Temp,LPG_Leakage
0.002334713,3.047929144,3.151109338,18.36901215,0.020110637,0.007673977,0.021268766,31,1
0.003798159,2.084297841,2.771445232,26.24979057,0.011425676,0.008732736,0.023267778,37,1
0.004403288,4.325730796,4.675764654,23.56810433,0.060043543,0.008404347,0.017805837,36,1
0.00440918,2.384823718,3.655570869,19.92249889,0.088107161,0.008072552,0.027533685,26,0
0.002766003,5.026506825,3.751913566,24.52389829,0.074811895,0.009797395,0.027073019,35,1
0.004292113,5.570761204,4.522305788,18.8231024,0.04534573,0.008869591,0.020419255,27,0
0.003813717,2.992164791,0.479739555,11.80376915,0.039145832,0.006067391,0.020663617,35,0
0.003167533,4.803137852,5.713318033,22.17844063,0.066526267,0.006756746,0.018237604,30,0
0.004191226,1.684397411,3.93055282,9.606965784,0.063132883,0.008139904,0.022734166,32,1
0.00491542,4.020715147,0.027567271,16.85623733,0.030022976,0.008245209,0.028285308,33,0
0.004578194,0.837957048,4.730609439,20.08158086,0.025368852,0.009846743,0.020241,35,1
0.00256903,1.651490237,2.149091771,5.086974621,0.079484975,0.007502382,0.025422874,31,1
0.004531326,0.626476102,4.072313641,26.98275327,0.009844922,0.007379502,0.017677806,27,0
0.003481984,0.344672676,4.681821995,29.91884252,0.070014632,0.008298535,0.024170226,27,0
0.003348868,0.784489228,4.953879028,0.187576585,0.022464956,0.006828901,0.029981005,38,1
0.004503807,0.216382391,3.445685053,4.763101593,0.084480455,0.007163225,0.012707728,40,1
0.003676288,2.940588224,0.204431343,26.71700086,0.031034107,0.008330014,0.011609695,27,0
0.003082257,0.353072143,1.792437018,27.52173726,0.075702318,0.008991399,0.011160247,25,0
0.002933569,0.622094711,2.738937443,9.529696339,0.06351475,0.00679776,0.012832342,35,1
0.003739853,2.020949932,5.913331021,23.6420633,0.098058933,0.006840757,0.010248835,36,1
0.003626428,0.014444677,4.46443523,8.679075933,0.025108635,0.006200066,0.022892035,33,1
0.004769673,2.184727934,3.712175767,1.720710827,0.060794951,0.008814714,0.02174904,33,1
0.002155564,5.699323059,3.181995577,20.50093959,0.096668628,0.007233403,0.016896411,33,1
0.003466585,3.598411861,5.733828794,10.13246038,0.078916333,0.008642351,0.02409286,31,1
0.002217746,5.163357508,3.381549865,22.65430663,0.050707101,0.006040754,0.021398315,25,0
0.002934743,3.372320972,1.242985712,1.41297285,0.035092411,0.009009909,0.020416699,33,0
0.004069893,3.018354881,4.375710158,26.93776879,0.086954552,0.00671037,0.01214598,29,0
0.00283477,1.646181996,4.222492738,21.5187273,0.098551365,0.007700421,0.012764038,39,1
0.003572335,3.766518911,4.964165292,21.45069641,0.060922631,0.008577835,0.023312061,27,0
0.003213698,4.771568883,0.579009311,27.20995709,0.04087364,0.007575864,0.017347524,27,0
0.003728413,3.197017339,1.104063635,26.85307794,0.069409844,0.009084502,0.019299589,28,0
0.002994844,3.42187598,3.131424146,16.01382182,0.094788218,0.009510934,0.010555476,40,1
0.002369755,3.709504273,1.464988217,18.22769954,0.046719647,0.007995198,0.010546605,28,0
0.004046642,5.100857704,0.087460887,0.932144594,0.061058288,0.006290392,0.016549455,25,0
0.003837907,2.516106025,1.663202683,21.72743346,0.081348801,0.00786191,0.018090717,27,0
0.002805497,2.131686276,1.040972596,21.12657564,0.085000761,0.009870801,0.018752388,25,0
0.004973838,4.551903802,4.620101497,19.95022467,0.011286898,0.007854985,0.010713957,37,1
0.002597112,3.466169279,0.313575281,10.73170376,0.032901578,0.00910592,0.013855927,36,0
0.004715653,4.490753623,2.856979463,5.562894444,0.043098726,0.008812648,0.018752626,35,1
0.003424873,5.907247509,0.232837762,2.469741774,0.03396819,0.009322382,0.020098019,32,0
0.002891641,5.869085264,4.561683415,8.443573001,0.0691799,0.006249636,0.019413598,27,0
0.004210783,1.870683112,4.301473519,24.70761816,0.050898003,0.008856255,0.015708413,34,1
0.00252492,4.616289261,2.589754447,16.98293759,0.059971735,0.007481371,0.011029054,30,0
0.003595428,3.000885965,4.084744502,8.433698144,0.010170552,0.006965773,0.013701912,36,1
0.004795843,5.943236744,1.216605694,3.618591908,0.040633588,0.009210023,0.027073956,31,0
0.003349225,3.387091697,2.153278176,22.43191765,0.054207895,0.008558728,0.029564401,29,0
0.003770019,4.803552517,5.732159936,20.91904707,0.027066574,0.007151995,0.021270279,26,0
0.003461115,1.547814244,3.992063855,17.46361186,0.064687774,0.007543079,0.017301796,36,1
0.002875132,5.742536424,5.85072464,21.34918135,0.007690881,0.006539734,0.018498866,30,0
0.0039571,1.686687546,4.515084429,20.34704634,0.060929282,0.008520456,0.026851147,40,1
0.002141433,4.087221914,2.971908909,18.20449921,0.062718411,0.00826386,0.026554401,37,1
0.002320644,4.128448485,0.827288496,21.21798478,0.009373035,0.006399599,0.010330584,25,0
0.002960619,3.250450354,0.608362156,21.95388235,0.025226413,0.008690251,0.019574243,26,0
0.003002991,2.106667455,4.619618937,11.4556712,0.091775527,0.00684684,0.018693671,30,0
0.002428728,3.941209396,5.660815859,21.70802897,0.018995137,0.008459182,0.013036048,40,1
0.003670998,1.482883101,3.666230643,7.503575738,0.060804928,0.007249767,0.013201061,32,1
0.002163314,5.595582426,2.809446143,3.690403575,0.09672306,0.008933764,0.027153417,32,1
0.004207264,1.937863441,4.172547169,6.577758713,0.090771023,0.007332101,0.026128269,36,1
0.004231447,4.256277486,4.099699631,15.06019876,0.025224761,0.006601518,0.024065743,34,1
0.002494495,4.280825932,4.507524097,2.152039228,0.034291089,0.00834541,0.016775831,30,0
0.004316008,4.790318196,0.426097516,22.89737303,0.042727349,0.009232586,0.013042384,32,0
0.002526677,3.773733392,4.990995778,4.234232164,0.018759519,0.006599968,0.029503382,40,1
0.00409801,0.116562255,5.750205185,11.31036714,0.026282609,0.009018684,0.02427395,28,0
0.002705878,2.937527353,2.069273298,26.63758129,0.019041431,0.009641504,0.022645756,40,1
0.003778762,2.310419863,5.726468287,22.65795047,0.093916891,0.008437576,0.024087737,28,0
0.00238253,3.360359648,2.139760894,2.305795166,0.038942234,0.00849192,0.028785102,32,1
0.002565091,3.881818857,3.405374912,19.26885981,0.067088031,0.008768935,0.020326295,32,1
0.002903582,0.966229144,5.156402935,19.88284392,0.014650082,0.00651978,0.012130353,40,1
0.003970459,2.283112565,1.653425198,1.714109195,0.031003807,0.006283578,0.025542753,25,0
0.004587878,4.404120295,4.093071189,6.650872372,0.079454615,0.006389376,0.015005637,26,0
0.004338408,3.712764607,0.083523691,19.16820987,0.085075836,0.009900228,0.029814949,26,0
0.002366288,4.665656012,2.912636414,12.13679335,0.054402735,0.00878777,0.027051399,35,1
0.003735149,5.102262061,2.111532207,23.04476449,0.056873985,0.007055968,0.026668878,35,1
0.004386472,0.836599235,4.662289883,19.13788212,0.065598253,0.009856992,0.02894001,33,1
0.00494999,4.675883279,4.613082835,27.04256974,0.018851162,0.009510061,0.029779627,30,0
0.004395225,1.18106392,1.555523254,3.643930661,0.018207355,0.009153665,0.013960317,35,0
0.00273624,3.10848466,4.674269909,6.538143276,0.041050576,0.009557943,0.028948248,30,0
0.004324414,2.385372246,5.860078551,13.9113813,0.017366762,0.008455402,0.014865752,26,0
0.004227592,4.708694069,1.616338904,14.47088304,0.074632443,0.006340659,0.016157321,28,0
0.003573616,4.096800214,1.832788037,29.55436308,0.069223146,0.007720643,0.025000807,30,0
0.002122155,3.158574365,5.694996453,2.908830043,0.077916686,0.007284406,0.021136595,36,1
0.002327835,1.250685027,0.716418731,29.02201461,0.051554034,0.006397883,0.010720017,29,0
0.00498936,5.539771597,4.263747011,20.45136905,0.066155463,0.007952735,0.014103739,31,1
0.003752294,1.327562375,5.985850292,0.602701999,0.025417477,0.00734244,0.0194939,34,1
0.002626643,0.800478205,3.089398659,18.36183256,0.069866004,0.006725963,0.021946304,29,0
0.003766479,2.188359304,3.652133031,5.002650219,0.02667936,0.006876452,0.016984793,26,0
0.002303889,5.90273108,2.531741464,9.061087522,0.084978349,0.008555889,0.018672132,25,0
0.003712096,0.741239462,2.581851105,12.92294873,0.043490635,0.007549819,0.02881328,30,0
0.00252268,0.366568789,1.720480975,4.853204802,0.071391559,0.007797275,0.023381635,25,0
0.004904028,4.097858872,1.051351196,4.230042875,0.056206513,0.008317854,0.017744081,27,0
0.003791936,1.557658957,2.055096979,11.02026729,0.067686267,0.007159025,0.017894914,25,0
0.003000929,5.099536651,4.777523612,2.444360417,0.066098846,0.007624334,0.026427788,36,1
0.002454121,4.064186562,3.585733204,19.47997223,0.062846869,0.006889478,0.016543301,36,1
0.003781022,0.892404089,3.783246678,20.50256393,0.09365641,0.008883792,0.019837105,33,1
0.002891273,5.871573798,2.880219396,0.187287683,0.016975231,0.009246026,0.016899427,37,1
0.003524709,3.244161995,0.428377784,12.26364284,0.028026287,0.008633214,0.010857905,37,0
0.00378495,2.366048379,5.625321975,24.99554671,0.035643596,0.008532346,0.024563091,29,0
0.004761867,0.336205866,5.779595502,16.43488843,0.007278584,0.007205187,0.019691295,36,0
0.003211143,4.262690095,2.934220682,18.55768988,0.056939519,0.006427117,0.013181155,34,1
0.00207974,4.027722491,2.004517954,11.12124989,0.024794739,0.00656312,0.022008004,27,0
0.00357015,1.648669641,1.397128602,12.98101644,0.033094798,0.009807567,0.013720035,37,0
0.002867674,5.698982567,2.886136078,22.30547594,0.047465358,0.007647822,0.017647257,28,0
0.002529815,5.311722898,0.167906135,15.96160443,0.083347455,0.009481071,0.01213403,29,0
0.003006628,1.203479469,0.364075911,23.24660503,0.011383451,0.008837394,0.024259543,37,0
0.002893337,0.477156273,5.292222477,29.85558412,0.0790929,0.00798076,0.010803374,38,1
0.004646439,0.022974339,2.38060635,2.153525764,0.024691022,0.007998004,0.012449333,32,1
0.002939012,4.248884927,2.317224279,9.245700195,0.088618927,0.009901827,0.025867937,31,1
0.003528075,2.897137724,1.630716409,18.33991356,0.047825005,0.007152241,0.02281241,31,0
0.004847162,5.544501349,0.482115761,0.969291192,0.087115571,0.006505297,0.027112647,39,0
0.002290679,5.094021468,5.934169841,9.954140352,0.086512361,0.007839517,0.012471746,27,0
0.003094573,5.076232964,1.139120993,2.56989022,0.024565923,0.006202331,0.021188417,37,0
0.003800469,3.937996501,5.95728334,14.98636444,0.02280923,0.008914492,0.020713348,36,1
0.002775394,4.986038216,5.967038319,15.02766541,0.02115957,0.006024336,0.019221186,26,0
0.003885841,1.248085974,1.084616927,10.59445643,0.08650827,0.007953801,0.019057921,37,0
0.004261098,3.546375726,0.597826795,15.82726519,0.012738831,0.007036616,0.025199634,32,0
0.003414438,5.967927231,3.01009007,24.35111322,0.051884582,0.007509206,0.029654932,32,1
0.004397248,1.037098465,3.690377405,5.098325265,0.067731589,0.007128602,0.015805224,36,1
0.002999533,2.410177688,1.60192965,13.72816038,0.024260566,0.007433156,0.017685152,31,0
0.003541263,5.489236273,0.198066957,21.51849623,0.015913027,0.00927068,0.025520613,28,0
0.002192904,1.578913829,4.688452629,20.98559578,0.025656011,0.00914881,0.019280043,38,1
0.004493763,1.315997341,2.429803302,8.689170304,0.009493804,0.009585644,0.024010142,29,0
0.003745544,3.199913465,0.268927587,14.48984116,0.077696294,0.008539716,0.013830668,39,0
0.002713246,4.845577667,3.755524654,14.33804622,0.097598001,0.008253536,0.010564792,30,0
0.00228901,5.648852973,5.202488812,29.60256564,0.059427902,0.006912789,0.013454126,34,1
0.00473643,1.378989413,2.427249783,22.20679103,0.052565351,0.007613353,0.023043159,32,1
0.004315574,1.79113069,0.937889946,3.134799101,0.086023263,0.008726539,0.011582708,26,0
0.002620467,2.717194697,3.020189612,17.73271774,0.099043819,0.007205721,0.015455376,33,1
0.004154109,1.944742962,5.607913167,11.50851173,0.07750025,0.006991419,0.01940253,37,1
0.004336989,1.478210601,2.443045748,7.811317821,0.05849643,0.009271127,0.013927518,27,0
0.003047067,1.087850829,0.027367755,28.33905089,0.033771289,0.009676322,0.016728769,26,0
0.002716886,0.254689084,4.924153497,7.97846096,0.060566117,0.006922214,0.025546282,25,0
0.004819996,0.895100966,4.559239384,7.146242614,0.037167882,0.008733329,0.023441243,32,1
0.004715554,3.625834223,2.817488726,28.5652469,0.016655772,0.007739361,0.023836143,40,1
0.004627785,0.650102994,2.340190314,4.043649918,0.086648793,0.006184074,0.021674599,34,1
0.003475937,5.107462025,5.679199069,8.782564437,0.086916074,0.007163447,0.027501838,35,1
0.002185775,4.18009226,0.110749313,17.90557621,0.018998665,0.008823119,0.021264598,28,0
0.002441844,3.970346295,4.622067633,29.11686008,0.063760927,0.007209895,0.029120304,34,1
0.002701309,1.629464248,3.66615914,14.88704216,0.017447962,0.00821115,0.012944767,34,1
0.002990182,3.819868527,2.76537027,15.81499989,0.083743274,0.007903144,0.024173825,33,1
0.004163162,4.646837215,0.186742628,23.71727286,0.021928059,0.007764784,0.010527938,32,0
0.003827692,1.470491139,5.189962354,19.36759037,0.07091952,0.008285288,0.01275862,27,0
0.002061751,5.363702049,4.394956194,7.929729704,0.072484354,0.009445184,0.012866131,28,0
0.00353107,5.723838571,3.089891329,23.95747571,0.089771102,0.008590214,0.025160098,40,1
0.004207867,2.165998591,0.425719595,12.8235483,0.07322219,0.008255309,0.023682239,34,0
0.002140701,1.280304109,3.771085997,15.65944231,0.062127685,0.007008796,0.020072252,33,1
0.004913066,1.162420542,0.461801304,2.524013905,0.006408247,0.008035403,0.010325207,27,0
0.004711475,5.333384132,2.372906854,11.14575116,0.01774143,0.006302458,0.01349401,26,0
0.003693865,1.187107367,2.916749177,9.787839741,0.059195888,0.006460375,0.012046008,32,1
0.003381102,5.696414062,0.009806094,26.51299218,0.057870083,0.00986251,0.019301888,32,0
0.004538453,4.388409173,4.228197629,24.50355849,0.03947721,0.009863906,0.015490358,30,0
0.002122439,5.028814731,1.868125834,2.976373786,0.022648083,0.008962185,0.015352686,34,0
0.004753043,1.277811301,0.939374013,27.76501051,0.009159427,0.006001054,0.012686541,36,0
0.00421482,0.334807952,0.411697719,28.6964598,0.050405482,0.00934315,0.013514511,26,0
0.002676183,3.602404206,0.123856093,24.87587559,0.082642494,0.008618283,0.0129541,35,0
0.002948706,2.896829913,3.048722218,26.88601243,0.029403842,0.006708406,0.012858873,25,0
0.002598229,5.681489635,3.262241638,0.543002619,0.082390723,0.007267626,0.010534703,40,1
0.004249481,2.895690459,3.319646377,26.28993217,0.006557864,0.006488933,0.019447545,31,0
0.004175768,2.493533859,5.294934411,27.11660879,0.026179479,0.008371391,0.025678901,38,1
0.004224507,5.439812153,3.95076125,26.14874482,0.020425201,0.008331937,0.011218113,34,1
0.002350127,5.568164101,2.614217135,28.88380906,0.013314233,0.00938323,0.012492665,26,0
0.002130896,1.55127432,3.637086448,29.97121099,0.096218336,0.006676645,0.010452508,36,1
0.002285644,5.440792771,2.389312945,21.15709046,0.049566445,0.007225309,0.018112248,27,0
0.004176124,3.786097518,5.918477926,7.132034125,0.069232099,0.009023211,0.026789943,34,1
0.00221105,1.024387039,4.65294179,14.14546584,0.095930662,0.007147875,0.022556489,31,1
0.002886321,2.9453283,3.055627175,28.43377928,0.040839317,0.008923228,0.01948275,25,0
0.003936525,3.670295531,0.401793948,4.941147715,0.030786885,0.008103725,0.010264411,37,0
0.003035942,2.982453051,4.536170284,17.06623773,0.033511628,0.009465957,0.021538055,27,0
0.003198897,2.233893973,2.959991982,8.258236253,0.035263561,0.009990561,0.013558772,38,1
0.00351618,3.541420649,3.163197108,5.803648658,0.060071072,0.007872747,0.029305356,28,0
0.004909375,1.15146753,1.377506466,23.03891152,0.009600794,0.007124131,0.023660083,25,0
0.003783162,3.292074708,5.79915387,8.606299766,0.019702669,0.007395741,0.012798177,39,1
0.003334768,4.600143296,5.559822706,5.570651657,0.085113568,0.006789634,0.026729198,38,1
0.003364667,4.805986676,4.613661687,1.479112136,0.052832731,0.006344124,0.029581494,33,1
0.003682511,4.411253735,0.215182999,24.09298959,0.097135334,0.006393604,0.024020144,39,0
0.004307613,1.829148232,5.208661205,25.78072023,0.060676753,0.008183663,0.023548576,36,1
0.002401043,1.034514105,0.271325018,17.58576387,0.063131616,0.006164654,0.021158841,38,0
0.002254627,5.851822718,0.131830721,26.83205518,0.06936985,0.009941896,0.019750669,26,0
0.003060124,0.840508086,0.906562593,11.11549563,0.013542022,0.009916948,0.01073031,39,0
0.002875275,5.342230567,4.214733401,26.14028205,0.079088122,0.00774995,0.02813341,32,1
0.00481267,3.096821873,0.798273947,20.96544515,0.040364595,0.008051034,0.011010902,25,0
0.003813258,3.025532049,1.263840136,29.26674752,0.039699205,0.0071827,0.018659993,26,0
0.003671173,0.387222838,5.381472813,6.623516722,0.078661965,0.008246138,0.028054994,38,1
0.003558206,0.976059432,4.927432945,13.63901597,0.05924412,0.006284314,0.013119383,26,0
0.002206129,3.242018608,1.906560791,4.078778683,0.097446829,0.006949087,0.02069653,40,0
0.004776165,2.935523535,2.650207596,24.05267377,0.071043906,0.007733668,0.01379925,26,0
0.003158173,4.021401637,2.621095119,21.09472916,0.013348714,0.006123539,0.019936806,33,1
0.003533847,3.088876306,4.517905516,15.25727183,0.048349658,0.006177062,0.017175955,36,1
0.002172815,5.554554722,3.909875912,14.01114258,0.053439589,0.006541521,0.025633644,32,1
0.004642553,4.135044035,4.016725033,11.03654307,0.038955707,0.009058394,0.01112025,39,1
0.002059849,2.533463099,0.993040119,15.38283869,0.074580193,0.009745804,0.020292255,33,0
0.002142536,2.861580411,0.146864475,9.467535454,0.052154483,0.008187061,0.014851098,33,0
0.002145754,2.950670941,5.14464114,11.27400411,0.060788683,0.006755321,0.011243913,35,1
0.003435822,0.619846827,1.038596782,3.329234138,0.023885708,0.009991607,0.022760721,38,0
0.002214562,1.553362906,1.354080214,23.63209169,0.063105071,0.009148754,0.02996944,33,0
0.003587194,5.695602275,1.791111229,19.94304245,0.060405916,0.008467655,0.012800642,26,0
0.004421967,4.522702388,5.214238252,25.12414715,0.040498672,0.009261122,0.012903841,35,1
0.002437001,1.536105542,4.75660522,4.404626947,0.086667049,0.009163673,0.024411568,27,0
0.002313921,1.558764905,3.088046467,15.61618056,0.053733503,0.008063831,0.017242873,40,1
0.004828436,1.036679458,2.135492787,20.67821962,0.053153293,0.009979852,0.019594828,38,1
0.003501729,4.549345288,3.194738216,13.03471503,0.061666796,0.009570704,0.024645702,34,1
0.002807178,0.147265431,2.544997931,14.09705932,0.054337493,0.006819032,0.016234161,32,1
0.004701181,5.132900165,1.654960248,12.48757796,0.055649335,0.007125749,0.016313197,37,0
0.004088189,0.448081065,3.784124203,26.25964757,0.025578574,0.00725148,0.012296483,32,1
0.003183262,4.106098778,2.40000702,23.160083,0.090040446,0.008800818,0.020492365,39,1
0.004530082,0.74155727,2.802532157,20.07117328,0.051070897,0.006504589,0.017830728,28,0
0.003288881,0.396505359,5.588416854,14.13324792,0.049688703,0.006391839,0.0290115,30,0
0.004909865,2.673915981,0.780211882,4.235306205,0.0290587,0.006882295,0.01780103,40,0
0.003061882,5.974191264,1.098234637,29.44935088,0.061880513,0.007281483,0.018542417,31,0
0.004073252,5.563108788,5.77988762,15.71077125,0.064755842,0.007880606,0.027337478,31,1
0.003056861,0.411343417,2.671434912,12.07345659,0.093029954,0.007818894,0.011551729,36,1
0.003011037,2.574978884,1.488623021,0.77733443,0.088390019,0.006692842,0.017730264,37,0
0.002750965,4.542658312,3.560476746,27.81340121,0.099917991,0.009238804,0.024150853,38,1
0.00201791,3.777882265,2.87814307,2.75322124,0.04214307,0.007870482,0.025938233,31,1
0.004863895,1.898604692,0.047872214,8.185821889,0.041355205,0.008205538,0.0229378,30,0
0.00358711,2.854578552,1.954509054,24.36755849,0.034070717,0.008785874,0.029639399,35,0
0.004750731,2.593624199,3.467180562,12.5413091,0.052770118,0.009622901,0.023005771,30,0
0.003063372,5.80476619,1.411884793,27.05047773,0.044885625,0.009614523,0.012965715,40,0
0.003217586,5.309632123,3.309906483,8.547294268,0.012695644,0.009172038,0.023002897,27,0
0.004412781,3.365286079,1.698962499,10.56580324,0.08846264,0.006037981,0.017533354,36,0
0.002367997,0.513946314,1.523950671,13.67865429,0.040727493,0.007756668,0.012552201,33,0
0.004803434,4.240141914,2.492175106,10.05990455,0.050345748,0.006429145,0.025633464,28,0
0.004739151,4.530135194,1.909053305,28.50468469,0.053692603,0.008654988,0.02863915,29,0
0.002157053,3.341956381,0.731155807,9.411405681,0.006952678,0.008811542,0.028058772,36,0
0.004316562,2.861431164,2.772470368,4.523571231,0.071269111,0.009872237,0.011274652,28,0
0.003667279,0.915942165,5.813986514,18.40528287,0.036297013,0.009973122,0.021394634,25,0
0.00321397,5.464558247,3.552662648,1.368079515,0.073574709,0.006268011,0.018345213,26,0
0.00249487,3.271251708,2.377044491,28.78605508,0.075452228,0.0064875,0.011183643,29,0
0.004954967,0.772064163,1.339049124,18.44545727,0.041577569,0.009022562,0.021010013,28,0
0.004593857,1.986687449,0.492391845,4.984578233,0.069484518,0.006638435,0.016849095,35,0
0.002374381,3.308725281,3.072725916,10.52195526,0.092161641,0.007284849,0.017928817,33,1
0.003506536,5.474924592,5.061800144,29.35332772,0.030229722,0.009754976,0.014123827,35,1
0.004476492,5.812265817,0.16248688,14.26767166,0.047191448,0.006196539,0.026327979,25,0
0.004062522,1.352118795,2.687886873,25.23453675,0.008169071,0.006293403,0.017757663,36,0
0.002127702,0.015303864,0.373632086,4.974647761,0.069529887,0.006200377,0.011837103,38,0
0.003103149,3.253166014,1.603030183,11.53786956,0.045626382,0.009600332,0.021511034,27,0
0.003288029,4.812824955,1.245595135,12.64225156,0.017391585,0.006401796,0.01870855,37,0
0.004772469,4.525616205,1.694701245,1.514568832,0.088511165,0.006429667,0.017061117,36,0
0.003755972,0.36306446,0.175042341,3.991864008,0.037634874,0.006975715,0.013823397,27,0
0.002246728,3.755296817,2.713660578,19.13380876,0.092745474,0.006049261,0.02993153,30,0
0.004278437,0.353012523,4.272168167,17.19097358,0.067252875,0.008761066,0.0136649,33,1
0.004599656,1.796854789,0.294517426,26.7990894,0.096094381,0.007114121,0.021179496,25,0
0.003737101,2.60425984,0.353226394,28.82445818,0.017088123,0.007191738,0.013086929,37,0
0.004945125,2.11735456,2.729297191,23.19864734,0.071011859,0.009696152,0.014131189,29,0
0.002975102,5.636925189,0.036450558,5.352494114,0.026274125,0.00979194,0.02998799,36,0
0.004339002,5.268606054,5.832567458,23.33831074,0.025817294,0.008104553,0.019425017,32,1
0.002839122,1.89521245,0.474526578,0.296839796,0.082055683,0.008632456,0.024739297,34,0
0.003285041,1.917734173,0.087365869,5.79240189,0.052622849,0.007902082,0.014552597,35,0
0.003784246,0.154209911,4.513620716,1.757189698,0.0836572,0.009423062,0.012935387,34,1
0.003056634,4.07275604,4.453893995,5.001092158,0.011825952,0.008528419,0.026957475,26,0
0.004212787,5.871086764,2.803127716,14.07887074,0.044278311,0.009013359,0.017875856,28,0
0.00330509,5.02513519,3.758186472,27.18702989,0.027689074,0.007772238,0.021683267,35,1
0.004040934,4.928611594,3.020512899,17.70900408,0.044518378,0.009161248,0.026596729,31,1
0.003595146,3.815590643,5.973000975,17.70464883,0.007445683,0.009956522,0.012302999,34,0
0.003286616,1.602890639,3.984875348,8.832660793,0.006039429,0.008636179,0.020399591,32,0
0.003941331,0.313754939,1.727122634,3.495618762,0.008456028,0.009032772,0.021965758,35,0
0.003034156,3.338861774,2.646116673,0.844318646,0.052224356,0.008116135,0.020912433,27,0
0.004829132,4.766168235,1.911970453,25.86165925,0.084474286,0.008473756,0.018074607,34,0
0.002279624,5.889509805,0.306703562,22.61783293,0.03546875,0.008106316,0.015255125,26,0
0.003976317,5.686744381,2.430678956,1.744887049,0.011094403,0.006550823,0.016659008,26,0
0.00381065,3.336888801,0.381470067,27.63822195,0.054614596,0.00827346,0.014082479,34,0
0.003849548,3.864592998,2.734580848,23.81597219,0.034619376,0.007431287,0.024801897,40,1
0.004151657,5.656349676,5.904278914,17.07715358,0.076184347,0.006871403,0.020883817,29,0
0.004006477,3.586711362,1.35638219,1.167948546,0.08054023,0.006362015,0.023542046,35,0
0.002264042,2.348352083,4.004739495,27.41977118,0.051499668,0.008063943,0.018650225,32,1
0.004680429,4.239379129,3.280992541,12.65563177,0.062826657,0.006883599,0.025134693,34,1
0.004282417,2.02391184,4.303237553,9.877221291,0.091382187,0.008201049,0.029138829,31,1
0.00461854,0.688221935,5.863890856,2.170353678,0.076389807,0.006930719,0.017060703,29,0
0.004955973,2.754715922,4.956511931,4.591258479,0.094783966,0.006361314,0.01122378,26,0
0.002854833,2.581360955,3.811527704,16.16941045,0.045033556,0.006684733,0.023782434,38,1
0.004456694,4.3386641,0.837998695,21.45057667,0.040762054,0.009132273,0.020615195,37,0
0.003638544,1.897716999,4.885831526,11.56904955,0.051776311,0.006869942,0.020823284,40,1
0.002210875,0.266460003,1.336031836,16.012548,0.045632591,0.007004897,0.021679877,34,0
0.003170806,5.81134382,2.981273639,2.189744599,0.013884007,0.007742111,0.010107209,25,0
0.004690789,4.877156195,0.123883057,13.88465604,0.07814333,0.009611425,0.020850132,32,0
0.002660217,5.521578992,5.44652608,21.30189001,0.050342605,0.00939026,0.019583406,29,0
0.003553877,3.164647462,3.896876729,3.62718875,0.043357454,0.007721205,0.020599644,32,1
0.002973924,4.81999634,2.501112174,29.15291273,0.079994847,0.009703972,0.016397155,39,1
0.003845615,2.094779502,5.323191384,21.36726829,0.066840918,0.009650635,0.016490021,34,1
0.003574993,1.871349124,3.059423009,1.315810333,0.053036095,0.007486273,0.019323226,37,1
0.003489298,5.030768063,3.082041732,17.24892662,0.059040169,0.009538649,0.013320241,39,1
0.002117706,4.250291269,1.054306882,7.914478534,0.09665139,0.009748622,0.021670956,33,0
0.00239241,1.65321451,5.617458063,1.082992889,0.080373266,0.009735586,0.012834386,28,0
0.003635126,0.320892194,2.704277267,6.393267063,0.042712471,0.009504648,0.012922197,34,1
0.002205042,5.3678518,1.130729919,21.11333562,0.050575762,0.006149536,0.021526219,30,0
0.002121566,5.002991084,1.990016318,24.92477311,0.076160313,0.009715118,0.013293493,39,0
0.004762986,5.889670966,3.19045176,11.44546677,0.016715788,0.008336268,0.026697238,28,0
0.003493165,4.298468389,3.365364885,9.361723559,0.019715309,0.009571117,0.024316791,40,1
0.003063279,2.922735403,2.622684751,18.77242451,0.087521707,0.008587183,0.02670282,38,1
0.002708,4.144683914,4.401428616,1.556924821,0.023718661,0.008296451,0.016367381,33,1
0.002678956,1.614709791,5.027951205,12.75699814,0.078970445,0.006943542,0.02109888,26,0
0.002798777,2.629970913,5.036499187,8.79758751,0.010850203,0.006031887,0.014348264,32,1
0.002756257,2.846861086,3.192880465,13.5868458,0.049598541,0.007464873,0.020144207,36,1
0.002665656,5.006742779,3.512469557,2.330949159,0.084108852,0.008525743,0.021191063,30,0
0.004818236,1.977485489,3.739790168,8.469378663,0.023151009,0.006921173,0.011648518,35,1
0.002585118,5.719475353,5.808115758,9.696667443,0.011051394,0.006560235,0.01847659,26,0
0.002694368,0.648874992,2.830255786,5.314956421,0.042601021,0.008228326,0.0180925,39,1
0.004491094,0.297082931,3.313818106,5.355777725,0.018077092,0.007930276,0.017220846,38,1
0.002073993,2.205122512,1.099721381,0.79461108,0.046660065,0.007467199,0.027302659,33,0
0.002964224,3.611393229,2.227633652,7.035128089,0.040362982,0.009414453,0.015378976,26,0
0.003918527,1.99180853,1.578341079,0.525166881,0.012523283,0.006606538,0.018048335,27,0
0.003561552,4.3110917,4.633547602,10.8537168,0.006134009,0.008269505,0.021965385,34,0
0.003361805,5.503446475,2.826827672,29.10739502,0.031018702,0.006427335,0.017294526,27,0
0.004517287,0.821424941,1.72191325,6.264262777,0.04311079,0.008471839,0.025405781,38,0
0.00272825,0.084529098,4.881018301,26.12625633,0.042927008,0.009983654,0.016300075,30,0
0.003699614,5.052933903,3.414460132,3.31742051,0.010151051,0.009465362,0.023882854,29,0
0.002367708,5.504168114,0.312133771,14.2867956,0.022113399,0.009096125,0.018876757,36,0
0.003614764,5.673781649,2.39831111,11.97088342,0.095041254,0.006943259,0.015258886,26,0
0.002548214,5.429814972,4.449405147,28.64908842,0.047741294,0.006907517,0.011694693,34,1
0.00243572,5.597676736,0.731008084,8.381600285,0.051748417,0.009879673,0.010905562,28,0
0.002436992,2.652201303,0.026686311,14.50082173,0.061252337,0.007097775,0.02441037,35,0
0.004334261,3.909632828,3.929037138,20.51292641,0.056758927,0.007352193,0.014005997,34,1
0.002488348,4.652180783,4.790017764,13.60280499,0.090355325,0.008343765,0.019801508,25,0
0.004745594,5.7418262,1.873730823,9.506481104,0.090955145,0.007442325,0.012363433,34,0
0.004142409,3.743073388,3.774529331,1.846165459,0.02702505,0.008909346,0.025625556,29,0
0.004078743,3.942305254,2.092816132,18.40892626,0.029866604,0.007705027,0.024200813,33,1
0.004308004,3.605733011,3.779324152,11.42440633,0.014442821,0.009370839,0.01379105,28,0
0.003030853,2.380114872,1.833167195,10.6082458,0.0750653,0.00926769,0.025451268,39,0
0.003555462,4.712537285,0.072713033,4.816464993,0.028438652,0.008214176,0.029164807,32,0
0.00428077,2.462767591,3.458795525,11.77048056,0.055628013,0.009372359,0.026546276,28,0
0.002639507,5.118443476,3.761071043,27.6425155,0.068271837,0.008744761,0.015322377,39,1
0.002016361,4.630839207,0.149422922,24.5412294,0.068319626,0.007555414,0.020142865,27,0
0.004845593,2.224177507,0.290792639,1.734461975,0.061310818,0.009216876,0.013010782,38,0
0.002774665,5.137098481,0.053093945,24.51933148,0.008673495,0.008670033,0.0107022,39,0
0.003435644,4.793216212,1.898390272,16.02571472,0.020217024,0.006901865,0.019344855,35,0
0.003594372,0.87877498,4.718588361,27.05394856,0.085808812,0.009345226,0.029927918,31,1
0.002448771,3.925547424,1.248708208,7.966079354,0.01494038,0.007789012,0.010095316,27,0
0.004942348,4.005399396,5.501284079,5.880535885,0.083091111,0.007648976,0.013020793,31,1
0.004707971,1.561675588,3.14020906,14.01925892,0.078897387,0.007202599,0.025537514,26,0
0.002371678,1.897520433,3.852934358,10.9886887,0.098456686,0.008026008,0.020117759,39,1
0.004554313,4.417627876,3.38775026,17.57792856,0.090666546,0.009311847,0.019341285,39,1
0.002698341,3.69955245,3.618413741,17.63039015,0.046816907,0.007349619,0.016034476,36,1
0.004308638,3.42318417,5.201992629,7.06611679,0.083757302,0.008477525,0.016294127,30,0
0.002917694,1.069040886,4.912299374,12.29136323,0.063888425,0.008733094,0.015528926,26,0
0.002846793,4.225257661,2.227828821,16.48252769,0.074300704,0.006604888,0.018864901,39,1
0.002928367,1.330144485,0.891948384,11.19658313,0.053791827,0.007186575,0.029001363,27,0
0.004210638,0.338237873,1.505295435,7.568081387,0.024284049,0.009035745,0.022225049,30,0
0.003765843,3.120735271,1.07086731,19.78127724,0.095811367,0.009728711,0.028823899,37,0
0.002588508,1.933436098,1.139390407,25.35887655,0.097192073,0.006674214,0.017340149,33,0
0.003979147,0.422763055,2.857493725,26.60488242,0.012890816,0.007667808,0.010599228,34,1
0.003350495,4.691054263,2.074215855,6.955557203,0.096651915,0.007873984,0.014723309,28,0
0.002907465,1.569822533,5.710894393,27.62554858,0.024905348,0.007757339,0.011759988,30,0
0.003024572,0.669891794,2.504792433,3.438282891,0.031001766,0.007408833,0.011656668,38,1
0.003618092,0.005528348,4.200880643,3.515735532,0.049938878,0.009288448,0.011974814,35,0
0.004460038,4.051293278,2.097283704,5.793167591,0.060803621,0.007045406,0.023084088,25,0
0.003636376,2.764636387,4.825143687,26.93489753,0.008729209,0.00991984,0.019567476,34,0
0.003539688,4.105745251,0.842500564,29.47914084,0.032465693,0.008716099,0.024541769,39,0
0.002490315,5.809244313,5.930123501,24.38275549,0.048483684,0.008629351,0.022080222,28,0
0.0024968,5.711776614,1.527295952,15.29932702,0.039805661,0.008261901,0.017435878,28,0
0.00222647,0.926198663,0.558241953,26.74796678,0.059543548,0.009925134,0.024029447,28,0
0.002815316,2.803583378,4.715907503,28.21091651,0.080902004,0.008096277,0.028555318,36,1
0.003766211,3.329813732,2.788737959,19.17234117,0.083425943,0.007368284,0.019098625,33,1
0.002878035,3.751192769,1.607104254,7.627973001,0.025241826,0.006978053,0.023123592,36,0
0.003370572,1.26366495,0.161281427,0.319820418,0.089895418,0.008755134,0.024409682,36,0
0.00490348,5.773532676,3.900208805,2.267082845,0.033241686,0.006634704,0.028747986,32,1
0.003349741,4.098824331,1.665278715,2.110718615,0.010240834,0.007957269,0.011761705,36,0
0.003590771,1.768295726,3.180728551,8.754774397,0.007070136,0.008700983,0.014685529,37,0
0.004836745,4.020481446,1.154752399,24.98139993,0.094902702,0.009947401,0.010411397,38,0
0.003341038,4.629585441,2.089354955,17.86751817,0.080410768,0.008939098,0.014307959,38,1
0.004539417,3.912168273,4.672914321,9.598668565,0.035828711,0.007560312,0.014027229,40,1
0.003180895,1.750766348,5.281686262,1.307714022,0.042722617,0.008943416,0.012796859,35,1
0.004062791,3.509321474,1.615421747,26.87943065,0.087621527,0.009986359,0.012025133,25,0
0.003365198,5.989383134,2.188017333,7.711598981,0.007170544,0.008939878,0.024397287,35,0
0.002240558,4.953980087,1.998484799,14.78167074,0.028396701,0.008686206,0.023624533,28,0
0.00339275,0.22668996,2.446440524,7.692008926,0.096805349,0.007731418,0.022302965,39,1
0.002509546,0.354493063,2.741324746,3.54226587,0.074789199,0.008074289,0.010557366,27,0
0.002079546,0.166623012,0.178660255,20.07694495,0.082441338,0.006266507,0.025245622,40,0
0.004782161,2.389392372,5.063272195,14.27740363,0.044405074,0.007288225,0.017415937,26,0
0.003338358,3.986010389,2.146720857,11.01808033,0.007248364,0.006084045,0.013231211,36,0
0.004689559,2.777202423,5.714413352,6.329572456,0.064908926,0.006954853,0.013525774,27,0
0.004095596,1.12530575,3.117257255,27.70917982,0.032901336,0.007250108,0.020757843,32,1
0.002197015,0.434144784,2.146183135,17.66657925,0.032205591,0.007963695,0.021070644,31,1
0.002664575,4.581021417,5.72522152,1.295996476,0.064952265,0.00819058,0.010418824,34,1
0.004388099,3.586329156,4.125642903,2.892108212,0.043109468,0.007191347,0.020661948,31,1
0.003160551,3.168432764,2.458755076,26.07583785,0.030144816,0.008704809,0.025296358,32,1
0.002628737,4.082673298,0.658533456,20.86820763,0.088612082,0.008830814,0.013167675,26,0
0.002405605,4.00867302,5.077158274,17.17617918,0.057457274,0.00643842,0.012834021,31,1
0.004809604,2.303068294,0.384832584,14.39449848,0.048511414,0.009434927,0.022014686,30,0
0.004427494,4.511524233,4.844853642,10.90434858,0.097663185,0.006437197,0.026613103,26,0
0.003320618,2.021887358,4.375807317,24.75511388,0.037801006,0.007999573,0.018316804,37,1
0.002658838,4.643824642,0.890578637,17.4418528,0.018227847,0.006551765,0.018692529,37,0
0.00409428,5.737825027,0.0972978,29.60031042,0.042110287,0.00832255,0.026835294,28,0
0.004501093,5.569273415,2.651482395,26.10469293,0.070768224,0.008958104,0.015712159,38,1
0.004734876,5.080979393,4.606601136,11.59554802,0.061874313,0.008677608,0.023962205,33,1
0.002921165,2.570509373,4.64253247,14.61015242,0.09364188,0.006489512,0.017190599,37,1
0.00462146,0.26509751,4.401972097,23.67544577,0.020443927,0.006384344,0.017060741,26,0
0.002720377,1.62023312,4.561693266,21.31378886,0.008123757,0.009287172,0.029075273,30,0
0.003399853,2.263235024,3.790951292,20.80284943,0.087794931,0.008483248,0.021922541,35,1
0.004885338,3.86099361,0.132079906,0.065393215,0.063243449,0.006974183,0.016952635,31,0
0.004640582,2.366495547,2.879163736,0.661239436,0.0397883,0.008320074,0.018317515,33,1
0.003684438,2.772013003,3.984753102,24.45896049,0.048892408,0.007739122,0.027611768,38,1
0.002787991,3.530525311,3.463927849,2.07283537,0.038183005,0.009318546,0.01627924,36,1
0.004756886,0.700671961,5.738415123,27.49630478,0.046060545,0.007506949,0.029443734,33,1
0.003866566,2.976952871,1.266379608,8.705943442,0.043250684,0.008810652,0.010058913,32,0
0.004766202,0.340781887,0.5235934,1.313058438,0.019772164,0.00677234,0.019587355,40,0
0.002880957,3.76016969,0.976128441,11.05795765,0.018020618,0.007150501,0.028321563,30,0
0.004181273,5.766706107,0.212783571,16.63297165,0.034059667,0.008603916,0.02348744,28,0
0.00397046,2.912706827,4.622165568,19.76070328,0.07882746,0.009370634,0.01787864,33,1
0.00249689,1.616258686,5.278718708,1.658866795,0.024612948,0.009683875,0.017737296,26,0
0.002281569,4.903149821,2.947111206,16.1074773,0.02196147,0.007451465,0.028453904,33,1
0.002715104,1.561922695,1.756430036,24.16794835,0.09953253,0.008308593,0.021741376,35,0
0.004175596,5.201062011,0.012229479,14.33105506,0.086596688,0.007334029,0.029154623,26,0
0.004702814,2.115242933,3.678578807,10.8569967,0.057045185,0.009747786,0.029146744,36,1
0.004676434,0.08092335,0.323369161,22.32420476,0.017238017,0.006455457,0.012041931,36,0
0.002391113,3.559317922,1.845035774,18.20236994,0.009636379,0.009731037,0.013820027,33,0
0.004698205,5.666818495,4.918541285,22.93822748,0.008791597,0.009673689,0.024825034,25,0
0.002220551,1.403134473,1.851585967,8.876148931,0.006180032,0.006255344,0.017586866,30,0
0.00333991,1.301038888,2.988653026,8.717172295,0.044382556,0.0089151,0.017437847,33,1
0.002150506,0.830898313,3.59572687,16.85324245,0.070318872,0.007939062,0.018450809,25,0
0.004972578,0.081007312,5.647539099,4.706985795,0.039738602,0.009349478,0.028443066,25,0
0.003690588,4.831519293,1.006225294,28.26791628,0.051372892,0.009592939,0.015105612,40,0
0.002857709,5.413637993,1.610179652,10.90565975,0.049348426,0.008135836,0.018013138,36,0
0.0046197,1.51674141,4.744785052,23.40224226,0.092109187,0.006488279,0.021396357,34,1
0.003902708,2.741052245,5.732092028,7.702803137,0.045867016,0.00719237,0.02187321,37,1
0.00253547,3.85728223,0.341836967,1.613219219,0.054728589,0.006256395,0.022609878,28,0
0.002278729,5.508123399,2.877025292,5.091472005,0.010993948,0.009998158,0.020312724,26,0
0.004469572,5.905730923,5.361354291,14.64746788,0.036828137,0.007794832,0.017332355,29,0
0.0039258,2.167192905,0.465592553,13.12583695,0.097176795,0.006618954,0.024725213,33,0
0.002481147,3.527350993,4.50572802,21.99795106,0.012585931,0.007500589,0.02421327,27,0
0.003797622,5.063761762,2.10678568,11.60030773,0.03236842,0.006459173,0.010240797,36,1
0.004286997,5.208894355,4.276646118,29.10794535,0.053419763,0.006082191,0.017593179,31,1
0.002211335,0.23959442,1.63954843,17.79816316,0.082330614,0.009597183,0.02025712,29,0
0.002841377,1.497759317,0.860527245,4.609767914,0.081422732,0.008236292,0.021115673,35,0
0.003546417,4.267996698,0.222439302,19.77886225,0.079534395,0.007623059,0.020718653,29,0
0.002695369,2.335497369,1.072490684,25.00070478,0.020906548,0.008269618,0.010702373,32,0
0.003875717,0.702518287,2.762136682,28.85011964,0.020724101,0.009181425,0.02899231,34,1
0.002149176,0.641679664,1.119054804,14.45224534,0.052588704,0.007117183,0.011971472,29,0
0.004066397,4.98406327,5.57901722,29.17035938,0.047559974,0.006302686,0.021423632,38,1
0.00390442,3.876432333,1.819932813,29.2298289,0.026218833,0.009225081,0.01292915,29,0
0.003734208,2.587779865,3.988537199,23.7856279,0.076482388,0.008605106,0.018358066,28,0
0.004812703,0.204594676,0.678716374,16.46727527,0.05913311,0.008347562,0.015801336,26,0
0.002699278,4.305224431,2.265514576,26.26706482,0.062985501,0.00617589,0.022345836,33,1
0.003012035,4.910182044,0.887160266,14.67251525,0.095559849,0.009208367,0.023170211,26,0
0.002255421,3.213312581,1.973580987,6.200221963,0.019513171,0.007366407,0.018201517,26,0
0.002384549,5.229603725,0.119555221,16.37836488,0.009541352,0.007979336,0.029209643,27,0
0.004790878,0.627161404,5.282687196,0.810828958,0.015138603,0.006830573,0.019822673,39,1
0.002243821,4.791028147,1.641516591,28.53026634,0.072346318,0.007861106,0.015720623,32,0
0.003125732,3.447473146,4.327657318,27.23318265,0.071051729,0.008531658,0.018095889,31,1
0.003820151,5.615090404,4.078759507,2.409344314,0.057644456,0.006218506,0.014082659,26,0
0.004677338,3.43498202,1.233433501,6.820789329,0.054771124,0.007877922,0.01451064,25,0
0.003345896,4.622347628,2.784211246,8.773937108,0.067748618,0.009002974,0.013091213,38,1
0.002069415,0.895912633,4.609539506,13.57812364,0.079244596,0.007776272,0.025210725,29,0
0.002790547,5.190022836,2.458527629,19.11399016,0.067263363,0.006782524,0.027944473,36,1
0.004935077,2.052941431,4.488965268,5.64986634,0.083353636,0.007249293,0.013591396,38,1
0.003530625,5.433927921,2.597591893,4.519639212,0.085008655,0.009381872,0.029376201,38,1
0.002421516,3.187467678,1.488014589,21.49017672,0.041401951,0.008356154,0.014013172,25,0
0.002121478,2.283902633,3.78481134,22.16554878,0.053078996,0.007601444,0.019262846,33,1
0.003172292,5.984726635,2.622346879,11.09038209,0.072504036,0.009382055,0.017195899,30,0
0.004684956,5.649664714,4.506137948,26.80146575,0.098230845,0.009605116,0.01980844,30,0
0.004365748,2.619665099,4.638562679,15.33630587,0.065277283,0.009170595,0.023081531,36,1
0.003226501,1.157415404,4.39604363,24.29795179,0.046158335,0.009328924,0.010953823,29,0
0.003799924,0.294948557,0.329254266,12.11325407,0.014355853,0.008007139,0.021926617,32,0
0.00349155,5.92595167,4.136207305,20.84367049,0.054004838,0.007638,0.020613254,33,1
0.002706934,3.154634752,3.407972803,2.828790278,0.086400779,0.00957332,0.019877261,30,0
0.004887478,1.333879653,2.199488561,10.30630609,0.092098348,0.006115679,0.010957216,38,1
0.00202753,2.442831725,0.658192491,7.968527107,0.02848117,0.00724531,0.017495246,26,0
0.004660428,2.584506117,3.767865706,19.53977286,0.063632551,0.008474078,0.01894511,31,1
0.003548587,1.887705051,0.672609105,29.81345083,0.088234942,0.009261897,0.016172973,33,0
0.003295986,4.883184805,3.171658036,2.684315804,0.006073736,0.00937917,0.023955698,32,0
0.002565076,4.579448688,4.525712881,17.89307883,0.009447924,0.008922483,0.025888422,28,0
0.004534485,1.814833211,5.495297843,28.5203606,0.042890323,0.007858872,0.020755364,35,1
0.00200453,3.816229962,2.078744279,7.70271355,0.060019856,0.007377783,0.015629379,37,1
0.002325535,3.870921876,5.266990696,11.12829762,0.033624084,0.008143463,0.02034024,34,1
0.003023764,3.55506539,3.989364447,11.75337349,0.085254796,0.008015447,0.014528713,31,1
0.004296358,4.281040329,0.29634707,17.26361374,0.096473919,0.008737553,0.013138892,25,0
0.003975151,4.63265887,5.016157154,17.40972082,0.023709648,0.008941368,0.015764037,36,1
0.002723741,1.574902072,4.957132887,14.25948607,0.037910176,0.007783853,0.020116794,37,1
0.002785604,1.806051009,5.305767929,18.38863096,0.013913951,0.009485747,0.016151409,25,0
0.004963215,3.074306519,2.792114003,18.57990593,0.038299663,0.006071666,0.022890219,35,1
0.003466196,3.564887432,0.451710594,23.29940101,0.033396219,0.007601973,0.016759183,38,0
0.004455795,2.344321362,2.670144868,8.572008974,0.013619972,0.007608924,0.015153073,40,1
0.003959314,5.759191388,1.482718228,2.960611747,0.096165884,0.008335272,0.023910732,27,0
0.00388757,2.800553531,1.935558965,22.30917235,0.042582477,0.007755496,0.01263127,30,0
0.002118785,4.079020878,1.3046284,24.83868048,0.04004711,0.008772877,0.025709966,35,0
0.003978608,5.390098443,1.09050124,12.75139468,0.035973266,0.006438078,0.017304101,27,0
0.004689514,0.128357718,2.264253206,11.67129423,0.067589093,0.008617809,0.01406857,38,1
0.002603259,4.259138114,5.09404904,29.09695381,0.019439133,0.006331217,0.0182676,29,0
0.003409395,4.66830643,5.513238688,13.52198871,0.012326942,0.009130287,0.014614722,31,1
0.004405214,0.25337471,5.983491624,1.840495641,0.064801455,0.00935897,0.028611829,26,0
0.00499208,0.163946547,2.670357967,12.48241543,0.076231414,0.007317514,0.019063418,31,1
0.003687274,3.860538884,4.122887647,6.546347487,0.042795869,0.007339078,0.022573555,35,1
0.004674125,0.190171433,0.216679663,9.809815976,0.070309671,0.007203809,0.022556356,40,0
0.004545312,1.155002039,5.826090221,21.92891946,0.059616762,0.009659412,0.02392778,26,0
0.004901205,1.889921247,1.246911516,20.70284999,0.072271356,0.009378683,0.020673858,33,0
0.004333992,1.811786134,5.750637823,29.50021199,0.024586232,0.00817285,0.017449295,29,0
0.003152604,5.253868101,4.147107581,12.61604746,0.026701266,0.008089231,0.020738615,36,1
0.004488398,5.122105104,1.028364674,26.44567509,0.029399646,0.007621626,0.020226546,33,0
0.002855823,2.619987314,0.881188839,25.06266421,0.014839813,0.006301992,0.019098581,32,0
0.003826765,5.948803592,4.661091775,23.7718304,0.082039403,0.006403304,0.019295505,26,0
0.004011152,3.237389622,1.253344539,9.541417517,0.063221003,0.007918638,0.010253105,38,0
0.004192028,2.961267669,2.951692853,27.72668123,0.046130359,0.007100565,0.011885633,35,1
0.003736334,1.576712874,5.626012003,16.57367674,0.076616161,0.009884764,0.027662369,34,1
0.003463788,2.367787848,0.083077809,14.04870596,0.015102231,0.007342154,0.028762113,31,0
0.002226062,1.332820694,1.020378451,15.17735944,0.076956493,0.006233034,0.027180278,26,0
0.002888895,5.413252606,0.066813384,12.57978455,0.069172135,0.007655469,0.011111018,30,0
0.004466596,5.441570679,1.224524462,19.13839429,0.078457941,0.006035561,0.015037857,40,0
0.0021901,0.297137889,5.602380831,15.03461121,0.014130491,0.008825942,0.018268179,39,1
0.004173334,1.536670333,3.856709197,18.10913902,0.093519287,0.007436652,0.024115292,29,0
0.00478941,3.642695431,3.945040641,18.28337083,0.066232871,0.007210313,0.028813774,40,1
0.003943864,2.475915606,4.978138603,22.25534444,0.083174896,0.007909333,0.028839894,32,1
0.004658204,5.734904475,4.868214977,17.02530504,0.016598869,0.007314486,0.023002919,33,1
0.003462378,0.62215945,2.434852068,22.24961367,0.037736741,0.009122049,0.021505746,26,0
0.002725043,0.815452275,2.408749595,4.52166509,0.081820349,0.007317524,0.012440254,39,1
0.00272777,3.197369978,3.108456034,12.24547693,0.035293519,0.006196778,0.023559167,33,1
0.004796495,2.755192246,5.516413043,28.1729648,0.021793612,0.009271631,0.029234828,32,1
0.002520891,2.642491569,5.42408439,0.118189525,0.008028993,0.006365313,0.023004922,35,0
0.003689151,3.430087024,1.728157351,6.733746843,0.015209018,0.007462233,0.015854417,31,0
0.002504139,5.080956535,1.876049074,18.68163449,0.03206957,0.008005131,0.014415796,26,0
0.00243354,5.506141655,2.581683455,14.97160628,0.091735415,0.008706135,0.020226308,27,0
0.002027793,0.607640423,1.631272512,24.05908585,0.078941569,0.008849538,0.026992331,29,0
0.003829204,5.680989028,2.165271872,1.224526322,0.049033534,0.008489042,0.014976961,28,0
0.004917466,1.320375866,3.798895383,25.35515389,0.049293148,0.009274674,0.013440271,33,1
0.004904725,3.483707434,5.673255043,16.24689817,0.059192358,0.009666622,0.019468101,32,1
0.00456753,5.050842801,5.50356435,19.37525153,0.078919189,0.006232409,0.026019982,31,1
0.003755538,5.734069122,2.393710792,10.35103102,0.02422973,0.009933512,0.013807335,31,1
0.002510632,0.9591877,1.172014757,14.31444079,0.08514995,0.007865914,0.025322814,30,0
0.003329983,3.106208078,2.435578948,3.957868879,0.041405176,0.009066518,0.019944416,27,0
0.003349334,3.911981043,5.412922691,15.52305889,0.083223449,0.008600141,0.016721211,37,1
0.002628406,0.528393968,4.08635703,25.43376451,0.008721153,0.008041434,0.014467664,36,0
0.003147851,5.101851592,2.51412923,8.744526561,0.098227454,0.006732994,0.028859961,34,1
0.00470515,1.494051965,1.052707801,0.181798043,0.07153231,0.006226385,0.028809485,37,0
0.003191206,4.715889362,2.299625899,1.322266826,0.080791759,0.006456959,0.017844122,36,1
0.004087771,5.892182678,3.841573002,5.707564553,0.054426918,0.00685662,0.016979904,27,0
0.003229628,0.095405134,5.154311482,2.784455932,0.034305931,0.009390396,0.024511137,27,0
0.004630871,1.228840911,1.404598983,12.76475302,0.018031081,0.006655452,0.02616121,38,0
0.004262577,5.482554694,5.468016096,20.03568398,0.029905886,0.006919739,0.014748826,32,1
0.004860485,1.688263768,0.029699739,9.684703759,0.081102986,0.007493889,0.025401537,38,0
0.003307899,0.507992762,1.038121484,15.95910862,0.09470699,0.009787187,0.01868833,39,0
0.004259428,4.243573508,2.462103775,3.998881921,0.071365613,0.008463591,0.012997829,37,1
0.003829077,5.165652498,1.308880486,24.08482942,0.052572209,0.00967668,0.014996873,38,0
0.002766955,1.794966822,3.631908414,17.93136641,0.048154677,0.009515355,0.023072266,31,1
0.004311844,5.03248181,2.342456538,10.96809906,0.087188488,0.007799802,0.02013551,39,1
0.004484151,2.604770329,5.835086504,10.29777622,0.020698193,0.0063747,0.023766679,27,0
0.004039819,0.309172747,0.977984916,16.43027663,0.042009491,0.006614488,0.012131967,35,0
0.003802551,1.098194343,3.470121774,5.826463949,0.030340143,0.006560615,0.011267258,32,1
0.003358286,2.213045295,0.846830101,9.327457581,0.029465073,0.006068954,0.014926696,29,0
0.002219052,0.865887163,0.773518482,6.191100661,0.034127136,0.007413253,0.028642583,35,0
0.003972944,4.70238204,4.25601541,3.129544851,0.080358464,0.009155886,0.020237048,33,1
0.002829301,5.609981669,1.876326176,21.04919871,0.02408095,0.009652957,0.024215235,34,0
0.002025124,0.337466703,3.624091385,29.19635638,0.00941454,0.007735493,0.011840033,27,0
0.003549872,3.920016251,1.594735104,11.96499572,0.070190732,0.006753887,0.013357301,29,0
0.002919995,2.417298753,3.12272431,10.24853143,0.051164978,0.009909048,0.027323944,27,0
0.003459141,0.025498398,2.522750665,12.6974261,0.073214698,0.009840085,0.020825647,28,0
0.004794667,0.821491389,3.122452125,18.83496153,0.008177672,0.0099071,0.025952307,36,0
0.003642174,5.97227039,1.591094596,3.161729775,0.039953574,0.008702855,0.021607374,35,0
0.003864813,5.809955564,5.415551395,19.18441353,0.087000669,0.006668293,0.011271374,28,0
0.004019469,2.826307552,2.839825861,23.43610737,0.033948105,0.008248447,0.014208842,27,0
0.004776458,4.311650909,3.13505169,26.96391761,0.032742822,0.008127459,0.020521394,29,0
0.004928523,2.692348646,1.190827892,8.48576243,0.087445239,0.006944429,0.021870512,35,0
0.00311648,5.590521835,4.596660989,10.43282104,0.036807193,0.007892961,0.018642319,27,0
0.003032739,1.341886772,1.154775602,7.980835029,0.022556029,0.006189224,0.029631664,27,0
0.002466132,1.480056076,3.375821233,12.34998485,0.07962536,0.009967568,0.010153476,26,0
0.002879769,0.257668014,0.480287134,19.82010936,0.033753544,0.006738179,0.017808328,40,0
0.002519997,5.965461552,1.892106808,11.02433992,0.012638855,0.009849559,0.022022595,34,0
0.002518065,0.019459064,3.851031594,11.48883699,0.032327286,0.009744886,0.02991544,31,1
0.003559398,1.347196464,3.844764221,24.79518716,0.012834287,0.007746251,0.012947608,31,1
0.004833088,2.574607122,4.450976088,18.32142138,0.047154077,0.006094263,0.018211117,37,1
0.00228109,4.821042425,5.391794415,8.173212305,0.056993751,0.006862686,0.010616692,29,0
0.004427541,5.34551009,4.899975943,2.078122558,0.025836513,0.008191039,0.022274539,40,1
0.004653417,1.745377817,1.570589113,5.76890906,0.037321247,0.009481794,0.018102176,25,0
0.002694861,0.679778949,0.645533001,12.60965124,0.037814863,0.008050347,0.010918456,35,0
0.003820922,0.298582613,4.464650913,10.69894413,0.076752393,0.006487399,0.016966374,29,0
0.002029257,2.821033451,1.418216502,9.575312423,0.057561312,0.007937185,0.020795693,26,0
0.003106115,5.528945318,1.038483356,21.2180468,0.065943318,0.009117727,0.012119275,28,0
0.004092384,3.46444672,4.928511727,24.24047509,0.023055909,0.008181005,0.012899628,31,1
0.00468546,2.227136827,1.481188352,16.34547182,0.069700466,0.009757966,0.022387809,36,0
0.003942139,2.98249156,5.525996944,3.008855679,0.036347541,0.009818651,0.028877935,36,1
0.00378566,1.329242031,3.543593426,25.53933592,0.013095866,0.008571969,0.019562233,33,1
0.002752453,2.977581937,5.710904086,21.6658852,0.089988473,0.008589608,0.018344016,25,0
0.003149078,2.782141748,4.144794091,15.72199811,0.095820975,0.007387132,0.024372642,26,0
0.004990159,5.155753951,0.76391326,5.266557928,0.05298526,0.008490069,0.024913949,37,0
0.002126595,1.597797792,5.820491257,5.386078857,0.008048456,0.008167262,0.023673978,25,0
0.004279727,0.606763196,0.490832472,12.99873749,0.093354656,0.006212836,0.022008368,37,0
0.002249688,4.212717771,2.065262397,25.94205446,0.078269398,0.008081563,0.016078102,35,1
0.003144405,4.918234522,4.942382299,20.42283166,0.007053201,0.007180582,0.02322113,33,0
0.002906153,5.707229194,0.583041541,24.61671621,0.01782568,0.008283218,0.011569679,29,0
0.004540288,2.07119994,3.869228208,19.73773187,0.096853711,0.007442104,0.016370962,33,1
0.002990665,0.640950546,4.404841675,3.437760066,0.015910674,0.008443203,0.027035167,38,1
0.002556274,0.253320439,3.877442507,12.67053073,0.06379688,0.009383726,0.017709067,31,1
0.003783311,0.319735792,0.458145287,18.56958006,0.066261531,0.009227756,0.012650644,31,0
0.004201803,1.508005735,4.644566968,13.45424318,0.081457931,0.008129696,0.021972892,26,0
0.002309748,3.391614147,2.25012324,10.37857556,0.04608315,0.007988681,0.015693596,33,1
0.004700573,5.418761721,2.399209249,2.695496508,0.098644873,0.006312296,0.026426372,30,0
0.002139722,4.053291939,4.354933544,29.84420961,0.027675586,0.008714114,0.012977867,39,1
0.003969555,1.635019223,1.189863474,3.814686563,0.093503676,0.009570958,0.024738837,32,0
0.002717816,2.083665966,1.428543672,3.194060425,0.016361018,0.006784643,0.028247685,27,0
0.002041893,3.705644364,3.264503273,21.43503944,0.043076318,0.009884521,0.010767664,31,1
0.004766957,1.23498558,5.178146187,0.015256763,0.064731202,0.009796489,0.011408156,31,1
0.00313213,4.483427698,1.790952233,9.896265753,0.077228825,0.008005125,0.013720081,35,0
0.002726652,3.869659499,0.293806004,17.20405983,0.079129703,0.008351329,0.027058025,29,0
0.00243525,0.089408754,0.374407514,12.02540473,0.075588328,0.007053536,0.011437568,37,0
0.003717461,4.69609899,0.020234754,18.95898484,0.058629401,0.009855117,0.028108223,28,0
0.002653058,0.106959021,5.39117391,24.74215203,0.057904115,0.008818031,0.021478773,34,1
0.003387468,1.477574963,5.772836054,18.15847595,0.063560666,0.008767619,0.023183673,34,1
0.004568886,2.757980102,1.225893777,3.651134235,0.064076435,0.009949237,0.022320161,28,0
0.002736556,0.909208131,4.581004287,3.411625328,0.070036005,0.008945296,0.02309304,39,1
0.004178427,1.998951195,1.038771464,7.414074366,0.015545714,0.006962633,0.019654597,36,0
0.002463616,4.342587161,5.775855956,7.883345427,0.05495451,0.009621712,0.013631389,32,1
0.004365758,5.824003689,1.872174675,23.29964304,0.070793578,0.008646484,0.020188108,37,0
0.002730893,1.487527002,3.949756747,15.84641982,0.037094152,0.007931522,0.016501583,27,0
0.003613019,0.141503828,3.449109046,2.62462023,0.007560424,0.008157632,0.011597398,25,0
0.002377979,3.41895208,2.992174612,6.619655098,0.026521514,0.006939948,0.025565175,31,1
0.002539551,5.676979504,5.806276995,3.146763931,0.016976549,0.00654758,0.015524978,33,1
0.004414339,3.934304314,3.832866086,16.54782638,0.092489535,0.008690921,0.018801704,37,1
0.004965391,2.857872053,1.168911915,8.306492204,0.007677736,0.008268041,0.023999691,37,0
0.00347868,4.135557266,1.489097768,5.39502174,0.094364217,0.008888181,0.029067841,37,0
0.002437768,0.241465283,0.338884094,4.947944696,0.039178712,0.007054928,0.022492238,39,0
0.003673298,1.940468933,5.490453139,13.50980534,0.081491085,0.008566057,0.029545623,26,0
0.003042373,4.896718837,2.711378039,21.60423847,0.042442066,0.007720921,0.023016722,31,1
0.00340988,2.736525635,1.876278515,15.50483249,0.012237539,0.008121007,0.022531472,26,0
0.003126161,5.797580742,2.86083841,15.67574135,0.024924754,0.007109281,0.01929784,28,0
0.003221833,1.663426274,2.22661361,5.69273518,0.070069674,0.007072841,0.016558047,33,1
0.004183946,0.134720555,3.763129605,19.65082082,0.092636423,0.008616018,0.023658771,37,1
0.003728048,0.464075888,1.226750758,21.14779776,0.083606525,0.006907637,0.022010167,37,0
0.002256767,0.243085203,3.300159519,19.94336577,0.044275916,0.008782399,0.019892741,33,1
0.003597607,1.717748506,3.912848026,4.256590045,0.039306327,0.006319185,0.025328362,29,0
0.004354588,0.878507256,4.372743705,16.87527104,0.056183535,0.007261487,0.028055415,30,0
0.003017905,4.937296422,0.637535723,27.59274797,0.008445503,0.006720732,0.028646503,31,0
0.003378544,5.309003723,3.204797096,25.46540822,0.058771018,0.009759474,0.019405712,30,0
0.004655487,3.579683562,2.570935813,29.76756158,0.087446292,0.007345298,0.016479745,28,0
0.002372023,0.460515395,4.923991645,27.4206608,0.071240582,0.006757962,0.024769255,25,0
0.004539063,2.367018951,0.060222458,28.33888492,0.041729869,0.009151015,0.01862749,34,0
0.004890174,1.505678257,3.617219327,22.0618935,0.034577894,0.008751708,0.015142949,25,0
0.003139363,2.779777159,3.59272779,28.07847251,0.060706788,0.009105698,0.022655777,36,1
0.004344047,2.050128081,3.650062123,5.858212352,0.055871489,0.007727624,0.024024996,30,0
0.003525681,5.424333323,4.234127572,5.196243573,0.065706712,0.009440612,0.021722454,34,1
0.002449799,0.162666969,1.360285081,0.609392212,0.015828749,0.009505428,0.016347002,40,0
0.003460699,5.710296732,5.132820742,12.6953731,0.02683481,0.007739165,0.014985106,28,0
0.004605147,4.863141752,0.059351507,5.927819884,0.061774348,0.008069584,0.026436313,31,0
0.004035326,3.445256923,1.40658391,0.531119225,0.085971309,0.007715213,0.020994418,31,0
0.003170708,3.213945107,5.03261721,13.74363668,0.091557448,0.009462496,0.016167807,40,1
0.00455822,2.36754078,0.323446896,23.00138006,0.099256649,0.006235621,0.017770208,39,0
0.003193881,2.993401896,4.968856088,18.4417401,0.035208015,0.006545905,0.015528802,30,0
0.00240632,5.582270486,5.71782095,3.888004105,0.093544509,0.009528028,0.027991454,32,1
0.003524451,2.880863791,3.647653535,6.592468054,0.095557353,0.008764026,0.014342915,39,1
0.003139964,1.881156382,0.244494174,14.94716298,0.069942935,0.009401679,0.019586208,35,0
0.002104055,5.520579994,3.685063484,11.95781291,0.02064508,0.00974382,0.017008774,39,1
0.002216598,3.340070698,5.654205381,15.93212646,0.008716553,0.006562444,0.011449693,26,0
0.004828012,0.698311561,2.627555667,4.025191376,0.06281924,0.008833894,0.022851664,28,0
0.002951602,1.479571771,0.853863055,25.85850198,0.006928435,0.007955644,0.02948279,28,0
0.002929884,5.60042129,2.406437895,5.008840348,0.047676377,0.006536435,0.019120372,36,1
0.003849827,0.937483745,4.143732592,29.27324159,0.06681216,0.006518744,0.011692828,31,1
0.003005695,5.142230978,2.814293044,13.67405187,0.092250685,0.008954291,0.02831283,33,1
0.0032204,0.78952792,3.184547071,23.92615579,0.056200922,0.009633777,0.012085291,34,1
0.003547581,1.923594228,1.461168244,13.20785215,0.010282611,0.009317987,0.012264934,34,0
0.002511788,4.53793025,2.740441638,17.03517632,0.039208052,0.007785018,0.022294553,36,1
0.003552259,4.329134588,4.737570525,3.610102895,0.014910752,0.009818792,0.016353431,33,1
0.003490756,4.127783943,1.150058149,8.780226071,0.0658615,0.00650878,0.018352305,29,0
0.004024142,3.612345116,2.537445791,23.53286928,0.069079012,0.007843374,0.018399383,30,0
0.002911715,1.213213002,1.534482442,14.72969176,0.066298136,0.009057742,0.013173889,37,0
0.004451968,2.997884415,5.742414848,11.26970852,0.044325149,0.009594909,0.026103564,31,1
0.003348901,1.46306342,1.471398257,29.67818273,0.055391181,0.007818373,0.019854227,29,0
0.004682369,4.067171238,0.583638543,12.78042705,0.084197483,0.006073325,0.029547873,37,0
0.003062188,4.307906012,4.376779411,7.519696723,0.06841413,0.008394731,0.017691956,40,1
0.004935682,3.651750013,2.845695922,1.19948472,0.044976687,0.008085927,0.010292594,39,1
0.002765305,2.301433735,4.094801175,15.59120202,0.097888964,0.006364187,0.010882842,36,1
0.002033111,0.270245772,2.275291876,5.648699158,0.080352101,0.008553333,0.019708009,38,1
0.004666485,2.283550696,2.146395704,10.10241949,0.022298533,0.00843482,0.022140078,33,1
0.003025731,4.924309559,1.704143671,5.328678368,0.027607474,0.007559636,0.019084536,25,0
0.002055569,4.46000405,3.599646373,2.542035891,0.023919526,0.007824082,0.028064487,38,1
0.003529438,5.615762893,4.176184102,9.225687182,0.050805515,0.00891788,0.028322778,37,1
0.003470566,3.139541754,4.025697311,29.86541322,0.0125787,0.008080497,0.025708428,25,0
0.002909927,5.659825438,4.485591355,23.6512443,0.057478427,0.006485523,0.02254847,40,1
0.00391964,4.416714222,2.245474122,3.090603001,0.044073297,0.006829405,0.026367418,37,1
0.003975232,5.22882165,1.754928613,3.663562782,0.009060642,0.00641543,0.027271344,30,0
0.003001814,0.457194286,2.072237186,25.50692097,0.064035757,0.007781581,0.024167611,28,0
0.004748408,3.180039395,1.180271365,17.60820548,0.074845303,0.009938198,0.025598661,36,0
0.003337187,3.700026773,5.479959275,17.0314509,0.067337937,0.007439834,0.021630905,32,1
0.002423742,2.408684579,0.628100389,28.06015435,0.053635092,0.007465358,0.022162052,28,0
0.003540266,3.852276105,0.085431317,9.609700854,0.062202041,0.007919513,0.018811422,40,0
0.002021386,3.811811897,4.894530711,7.886911849,0.053795232,0.009285995,0.013795144,36,1
0.00360611,4.398052419,3.533863573,14.1934784,0.006241354,0.008637873,0.012090463,40,0
0.00221178,1.604624987,4.774051834,11.25095558,0.059804097,0.006419236,0.019966804,25,0
0.003480221,2.327865689,5.721253053,10.38042957,0.059303154,0.009850752,0.013319642,32,1
0.003614582,2.679576533,3.208774693,22.75742564,0.096447583,0.00951891,0.021331739,28,0
0.002212969,5.83872802,1.696961824,22.6832172,0.019747184,0.009248648,0.020752927,36,0
0.004945393,2.928392539,5.294256246,16.56958088,0.082707036,0.008699948,0.02988086,37,1
0.00489418,5.595205334,1.326384624,15.94028532,0.010531707,0.007816378,0.010742101,26,0
0.00441324,4.323014927,0.946173461,15.5798502,0.06430984,0.009312896,0.023213966,35,0
0.003690437,2.165490854,4.561100363,2.889040288,0.079443796,0.006367573,0.020134332,35,1
0.004864728,2.002847159,4.323788892,6.696830605,0.011053795,0.006895664,0.015319608,40,1
0.003089989,1.590628565,5.166477753,9.902842102,0.082737143,0.006183086,0.015868607,29,0
0.00330526,2.922951564,4.188359326,14.58013869,0.062779899,0.006376136,0.016836438,33,1
0.002475063,5.234815422,1.407707968,12.94647053,0.069465053,0.008577854,0.029117589,37,0
0.004726465,2.469263854,4.008886921,11.38802129,0.032768868,0.008491197,0.018765343,29,0
0.004472331,1.995307584,5.145579342,20.79891693,0.059978199,0.009325692,0.027869466,32,1
0.002662614,1.643072681,5.901404146,26.97708441,0.060354124,0.007705788,0.022208063,39,1
0.003728891,3.66801136,0.903429371,22.22382611,0.02855204,0.009989326,0.016714874,35,0
0.002745809,4.50251837,3.402495698,11.0153151,0.071284514,0.009067512,0.010949621,31,1
0.004064495,1.712356853,1.656595094,27.72599654,0.087646978,0.009158036,0.023439568,25,0
0.004065446,5.647009698,0.073686356,18.6494015,0.013622726,0.009565307,0.016663749,34,0
0.003844877,2.467617704,4.522200834,13.99753145,0.099798865,0.008518963,0.011058531,26,0
0.004441563,3.684512783,2.214462372,11.06489659,0.009005261,0.006785391,0.017874453,39,0
0.004537291,2.232512707,4.521161558,6.299173195,0.072973685,0.008036784,0.011960267,26,0
0.003725733,1.341173052,0.675611301,17.08668511,0.08700549,0.007966539,0.022666342,26,0
0.004042892,5.18174555,4.130113566,20.7433257,0.029191168,0.007792214,0.025509389,29,0
0.004988504,2.760392553,1.454641772,3.426481583,0.067766346,0.006066582,0.010917326,29,0
0.003471187,0.339775822,0.994690055,8.263886628,0.072577648,0.008133227,0.021052095,37,0
0.003994726,2.74515977,3.225311963,7.664807013,0.006285225,0.008468112,0.012594194,31,0
0.003433846,0.647041476,4.981486207,29.47098218,0.034479649,0.007379355,0.013327232,33,1
0.002001462,1.356518917,1.361412729,22.93081109,0.068389781,0.006473497,0.012917047,25,0
0.004344765,3.807846073,3.855179115,0.431222742,0.031984834,0.008680399,0.023390914,32,1
0.004138464,1.232331296,3.796835196,11.49922344,0.028395075,0.007678937,0.019572503,29,0
0.003740487,4.92539907,5.714882294,10.01905449,0.042021437,0.006217001,0.022595035,29,0
0.00360437,2.012812543,0.073700698,3.115134029,0.095549842,0.008228949,0.024339662,38,0
0.002994872,3.027343865,1.685236811,4.810129187,0.025339564,0.00695434,0.019827948,32,0
0.004562042,0.320144811,5.447004618,20.9534943,0.074468071,0.008622638,0.019450268,35,1
0.004269024,3.679602614,5.828428056,21.16636366,0.067382252,0.007535553,0.023424417,37,1
0.003780735,1.547034698,4.687241676,27.40776154,0.022156842,0.0086199,0.015536237,26,0
0.003074559,5.741463476,3.294752308,1.46635786,0.085189204,0.008209396,0.014120966,28,0
0.003563511,0.434330468,3.461819719,17.45277239,0.015095032,0.008939935,0.028047587,27,0
0.002252451,3.642514737,5.897459838,14.26031661,0.064680578,0.009284492,0.015916151,26,0
0.003945093,4.473366975,3.463140794,13.25642396,0.093668283,0.008236107,0.013402799,29,0
0.004960673,5.484179126,1.122831216,12.61664985,0.075763376,0.006691056,0.015037665,34,0
0.00226194,1.725200151,2.477664296,0.119053096,0.020561932,0.008224122,0.013395227,33,1
0.003251849,1.139701913,1.504982609,3.557520358,0.053786942,0.008944709,0.01741433,32,0
0.004678571,3.996930118,2.755660789,11.56168256,0.056412166,0.007232126,0.029797184,28,0
0.003100278,4.44302719,3.3523256,8.086594557,0.052094583,0.008686065,0.022981832,35,1
0.004744947,5.345589517,4.977836697,5.197559714,0.085241524,0.007702515,0.023895843,37,1
0.004909049,0.798164071,2.009861937,25.54931857,0.079590595,0.009501518,0.022010947,34,1
0.003444862,4.437324378,4.267574754,15.5567244,0.064657821,0.009559367,0.017110873,36,1
0.004827921,3.549830439,1.770449332,10.45414291,0.017494487,0.007957138,0.010216168,37,0
0.004235374,1.831100708,2.050133297,10.20414123,0.073496827,0.008806706,0.021676971,34,1
0.0020903,2.381720477,5.581256633,13.34374266,0.091459416,0.009532168,0.019745443,28,0
0.00200743,5.621953312,0.113657287,17.56373788,0.090530446,0.007707956,0.029147343,28,0
0.003207263,2.158752571,1.103785956,15.60457467,0.034631693,0.007680116,0.022838862,35,0
0.004311838,1.184953024,0.853648869,12.66600154,0.064684852,0.006077137,0.012038314,34,0
0.002028838,5.064504008,5.759578481,3.190134154,0.033376827,0.009007528,0.024397353,37,1
0.002650589,0.731279609,5.01406357,3.430294416,0.029170784,0.009682788,0.023671525,26,0
0.002846168,2.966362877,3.169523557,20.48337677,0.056534045,0.009271037,0.029457114,25,0
0.002077241,0.900986775,1.556464038,10.35815015,0.0993943,0.00958083,0.025729549,29,0
0.003272211,1.56959753,2.856502415,11.1716758,0.03217461,0.006765714,0.02304824,35,1
0.004257694,2.773223295,5.024534329,3.630749187,0.035835222,0.00899349,0.014338132,30,0
0.003250892,5.862947085,0.684163935,29.35577504,0.032154616,0.006155463,0.010563961,34,0
0.003840928,5.011342209,4.845724007,23.34052801,0.022218841,0.00776551,0.025855368,36,1
0.002290884,5.893855052,3.218800331,11.33689459,0.029918621,0.007509212,0.019080638,25,0
0.002286731,0.427945409,3.720808812,1.177980961,0.041106641,0.006294088,0.010933036,38,1
0.002986885,1.02919563,1.25766951,28.06863589,0.065161025,0.00844504,0.011029612,25,0
0.004473491,2.978550392,4.317194148,10.73328121,0.078110634,0.009360225,0.014715214,31,1
0.003287697,5.053346525,5.951809658,23.25984564,0.093111559,0.007722952,0.029273069,25,0
0.002421475,2.793033333,4.823030567,17.78981903,0.010386766,0.007971397,0.023790907,39,1
0.002507588,4.667888691,1.717863063,14.69978902,0.032942247,0.007419515,0.029500862,26,0
0.002652541,3.957021225,0.224541909,6.530695604,0.042839743,0.009203325,0.029604067,31,0
0.003188279,3.819246355,3.753231734,5.7043825,0.009521799,0.006130163,0.025617087,26,0
0.004418418,4.786776666,3.153578364,9.234800753,0.073569753,0.008762206,0.02934033,26,0
0.002366994,3.94774778,3.236154758,27.99815223,0.03841918,0.006179537,0.013547079,25,0
0.002450673,5.928807959,1.007370796,25.76359226,0.043247223,0.006546367,0.010456482,37,0
0.002007977,5.277228743,4.179965524,5.625103255,0.068787793,0.006295631,0.015063176,26,0
0.002371076,0.586679557,1.171728111,6.467950342,0.087162408,0.006752492,0.028684054,29,0
0.00334037,5.61102807,0.814373306,26.84867515,0.034127745,0.006522779,0.027465419,38,0
0.003046722,4.148691063,4.782741403,6.090691773,0.07017183,0.008670008,0.019051765,37,1
0.003307528,0.466601356,0.334086418,15.22259977,0.029082826,0.006377232,0.012563652,31,0
0.002698172,2.904845013,0.202765002,21.91223665,0.042477215,0.008748635,0.013789122,37,0
0.002173109,2.676316615,5.208562618,2.326810568,0.092425145,0.007821843,0.022364185,36,1
0.002455912,5.390606795,4.511622586,1.170539881,0.016383192,0.009301541,0.016094748,38,1
0.004095624,2.888345062,4.444158349,13.52428568,0.038700509,0.008261203,0.021167173,38,1
0.00295572,4.242357817,1.886733291,25.44846801,0.077439285,0.007746588,0.024636342,27,0
0.004524031,5.81517054,5.754747138,29.87491789,0.067394772,0.007682511,0.028214316,33,1
0.002789485,3.934663425,4.163526687,3.727822845,0.040017697,0.007566549,0.014809173,25,0
0.003763154,4.550277181,4.338738428,29.76228077,0.037136293,0.009557653,0.014168662,31,1
0.004176873,0.908259193,5.389926998,9.272761871,0.068577618,0.007536865,0.018001012,36,1
0.003900048,0.997277186,4.939624822,25.19467975,0.093417862,0.009800843,0.016208047,40,1
0.0048659,3.198278997,2.838518564,7.205170559,0.028957385,0.008296044,0.020281334,38,1
0.003358541,4.363415735,5.697612785,12.66506348,0.05572751,0.008393523,0.026068574,26,0
0.004352722,1.055613986,5.048735214,6.078066551,0.042520011,0.007291543,0.029518903,36,1
0.003159553,0.240594346,4.808624428,10.27232158,0.058675865,0.008569958,0.013363814,37,1
0.003646508,5.952882896,3.519306612,17.6742592,0.080499469,0.007266969,0.016930009,35,1
0.004029013,4.299453543,4.128529546,5.658927047,0.013842473,0.009979427,0.018642973,25,0
0.002944613,2.290054582,4.985377434,6.5177164,0.049561032,0.008450211,0.014086483,36,1
0.00285719,4.280991598,1.052609466,10.57705914,0.027542109,0.007588371,0.021602068,35,0
0.003371609,4.565912671,5.247117585,13.10927122,0.084258118,0.006745409,0.010626588,27,0
0.004383156,5.790026685,3.345535734,22.94494144,0.095774661,0.006419893,0.013341188,40,1
0.004212532,2.214771181,4.778035754,0.564279314,0.040414253,0.00654374,0.018495864,31,1
0.003127337,2.97462586,4.391379523,17.4603702,0.083944046,0.007632397,0.012366935,40,1
0.003281681,1.011682265,5.725107158,18.25248318,0.063427757,0.008078608,0.027284891,40,1
0.004236604,4.424424023,4.046377555,1.093411342,0.09240491,0.009416991,0.028200695,32,1
0.003274324,5.462879091,1.74385364,6.545677134,0.026170298,0.008646435,0.011877402,33,0
0.004945862,3.646260957,1.542767542,29.11578435,0.054333333,0.007516913,0.018721088,33,0
0.002861682,2.70306382,5.205891605,11.09365929,0.055282944,0.009922076,0.018054037,25,0
0.003504446,1.503980117,0.772072901,9.881166161,0.031661597,0.009962851,0.019285984,26,0
0.003114562,1.878120857,5.399824034,28.08710275,0.028817384,0.006831133,0.015906389,27,0
0.002754857,1.794785188,4.544662183,26.65829599,0.042291417,0.006209974,0.029262028,29,0
0.004081854,3.513395883,1.942123232,21.64738862,0.094661742,0.009756056,0.020663651,26,0
0.004501107,0.777350245,2.861107292,18.0859633,0.088969237,0.007876754,0.015470495,27,0
0.003133446,3.074933926,4.309599526,27.64677671,0.062774558,0.007144167,0.018887272,32,1
0.002913497,4.315029866,3.304649601,8.270073264,0.07789105,0.006508318,0.027993528,40,1
0.002681329,2.58180607,1.644784407,3.068023113,0.008611512,0.009444694,0.016959605,37,0
0.00421854,3.605213836,4.476451799,11.32918265,0.027161845,0.007385943,0.011313784,39,1
0.002018092,3.088225753,1.11853788,7.899190256,0.063545706,0.006423499,0.017175511,33,0
0.002887834,1.316247681,2.369553433,28.83901438,0.069489894,0.006801534,0.021292348,25,0
0.004800999,2.664239836,1.107577602,24.00390438,0.075903037,0.006048896,0.027453224,28,0
0.003516427,0.809180169,5.204635115,16.45906919,0.064859379,0.009172078,0.013631365,38,1
0.004542653,0.127555518,5.915528931,5.776924668,0.098110459,0.006663017,0.021692193,27,0
0.003724314,1.168162776,1.639898583,25.98178672,0.051824364,0.007701018,0.011789175,30,0
0.00379506,4.577674475,3.809114728,6.742093573,0.061230167,0.009644047,0.015627722,39,1
0.003054291,2.020475263,2.597879977,23.56911433,0.047567962,0.006223285,0.022014483,34,1
0.003916037,5.668187861,5.428825399,28.9537167,0.088734939,0.007923078,0.012958167,26,0
0.004877284,0.05695417,5.710512897,4.236962722,0.058709254,0.009772634,0.027449883,28,0
0.004336634,4.860245833,1.416750526,11.24774548,0.046303793,0.006795293,0.029868833,32,0
0.003137075,3.064335688,3.63079473,8.557885384,0.087417159,0.007557478,0.022277233,28,0
0.003379896,4.028071627,4.872820883,9.31379083,0.056189924,0.007929407,0.013010343,35,1
0.003496809,4.903976296,3.027982886,12.32820638,0.087929211,0.007763031,0.014258546,25,0
0.003228453,5.896983968,4.140970209,21.69987409,0.051435898,0.0082156,0.015165021,32,1
0.00425462,3.079659321,1.367531062,4.076273478,0.050804439,0.006934819,0.012923515,38,0
0.00448506,4.257055587,5.3170106,17.06670588,0.043379713,0.006693937,0.024652678,32,1
0.004282557,5.217900589,0.649860381,6.415555471,0.08271666,0.006176546,0.011193529,33,0
0.004648142,3.167327449,0.40953796,21.05886927,0.018380233,0.006350264,0.018496365,36,0
0.003659171,2.220149111,3.558513941,28.77595774,0.02891609,0.007317691,0.023485262,32,1
0.002182141,5.579689386,5.570498425,16.31312512,0.044502612,0.008169806,0.020260266,29,0
0.003332197,3.349421089,3.519618846,19.3693184,0.011582912,0.007898057,0.01753958,26,0
0.002104891,0.764310422,0.53939644,29.09183807,0.016994103,0.007142585,0.023603058,34,0
0.004534771,1.58125754,5.59913854,18.10669958,0.031179652,0.007195269,0.022788777,30,0
0.003966164,1.788854938,5.166233777,6.488088588,0.053868226,0.008723702,0.023787922,38,1
0.003909827,0.253828668,2.086102282,27.88563084,0.011958746,0.007172116,0.029059241,37,1
0.002320779,3.070239501,4.254916644,27.28875017,0.018697602,0.006830679,0.025312066,27,0
0.00452292,3.75104609,3.597806893,26.72426506,0.087200877,0.006261745,0.025696452,31,1
0.002092185,0.896427544,0.989135322,27.82409801,0.064695636,0.006092404,0.015657571,34,0
0.002965848,4.18620505,2.762812031,10.95047316,0.078422869,0.009583681,0.010173081,39,1
0.004187155,2.520422595,0.050309606,13.65146597,0.014745458,0.007138211,0.017924386,28,0
0.004947168,3.873409079,5.48206742,11.40103154,0.043591564,0.008188788,0.013900579,30,0
0.002926004,4.699709702,4.98490933,8.672940302,0.069845181,0.009464402,0.011800783,36,1
0.00484832,0.520737096,1.782647578,1.373255933,0.087633168,0.008623873,0.02258781,25,0
0.003257707,3.631914722,4.114246737,24.1675923,0.015104119,0.007447631,0.026300169,25,0
0.002533512,1.615208824,3.935694187,1.596028077,0.068032164,0.009797152,0.020205063,37,1
0.00295995,0.79157568,1.2020823,17.8484608,0.036983203,0.006679052,0.016015093,30,0
0.003134836,0.885301288,5.496657259,25.95811969,0.076896548,0.006264116,0.018446464,33,1
0.003056306,4.872591648,5.167055516,2.433582235,0.0352511,0.009045716,0.02321753,40,1
0.002702196,1.327468787,4.685222683,18.03750968,0.08179917,0.006180174,0.011510566,35,1
0.004017107,2.437331598,4.858778617,29.42843697,0.016182643,0.008290818,0.026368244,28,0
0.004698992,2.460247599,4.683059269,17.74671699,0.035792693,0.009001404,0.027891671,38,1
0.002285942,2.815567742,4.894320501,7.852514387,0.079659442,0.006855583,0.016923966,29,0
0.003864121,1.476860731,2.126280389,3.406672943,0.079209616,0.009766294,0.016949304,40,1
0.004829101,2.347060518,5.297821962,16.19319721,0.099126415,0.009533108,0.017481553,37,1
0.003720026,4.660025377,4.125166367,6.311618609,0.058953022,0.008110312,0.01929388,26,0
0.002754704,1.590643522,2.370610538,11.39296869,0.027921385,0.009536453,0.011357076,32,1
0.002660635,2.256965104,0.837465278,13.57112894,0.033495768,0.009439055,0.027811733,33,0
0.003697487,2.516055738,3.504362952,15.93202945,0.045668458,0.009779227,0.018550345,36,1
0.00488386,1.426494151,4.138258067,13.06512792,0.089689863,0.009089881,0.011217844,29,0
0.004802118,0.025708838,1.511517387,19.14751851,0.028725422,0.008202398,0.015691835,30,0
0.004636634,1.437605559,3.909182184,23.78676158,0.098824678,0.007941039,0.015264366,31,1
0.002100474,3.746350258,0.668470359,14.89223914,0.009160119,0.007399758,0.018894246,40,0
0.003987443,4.69746231,4.367780999,26.04027728,0.093679222,0.008545613,0.018734983,33,1
0.003011551,1.47992296,2.952909536,13.08610408,0.03289368,0.007334601,0.02705357,40,1
0.004865516,1.385139239,4.922882658,27.63924677,0.02102863,0.006309743,0.012305634,36,1
0.004433673,2.569013941,0.368718563,28.79844699,0.050623882,0.009958058,0.013894346,27,0
0.003694623,3.263918577,4.861281215,11.66017868,0.047170955,0.006692509,0.011713342,40,1
0.002374725,2.374576705,2.594699951,29.93102916,0.018962607,0.009877904,0.020132986,39,1
0.003039153,3.660250025,5.357834574,20.00978523,0.071697982,0.007794575,0.015735714,25,0
0.003812701,1.358338992,4.983330359,16.72483667,0.081717266,0.008369385,0.011704165,36,1
0.00201738,0.964612369,1.710011576,20.88279036,0.098769873,0.0085869,0.015561337,29,0
0.003033011,5.130745835,0.315560653,8.328305777,0.030858967,0.009679299,0.023882471,35,0
0.002529693,5.425878611,1.93030547,11.26057358,0.015211315,0.007801511,0.019556692,33,0
0.003913826,2.29993095,3.126734946,23.53308041,0.083159151,0.007727179,0.019319666,31,1
0.002117802,1.959147398,4.347223993,24.41389162,0.072025728,0.006524958,0.01729939,26,0
0.003538978,5.808329036,2.97292444,11.41066083,0.088077895,0.008836635,0.026432649,38,1
0.002028602,4.339109075,4.82919152,18.06507046,0.081313932,0.007521563,0.021446585,27,0
0.002141936,1.688108486,1.306672635,12.95033785,0.096045598,0.00615648,0.020272468,30,0
0.002013349,0.20043095,0.76956512,25.24494127,0.088839271,0.009112058,0.028535635,30,0
0.00448305,2.537551555,4.498829517,19.74712578,0.093742532,0.008208573,0.010724371,36,1
0.002853982,1.259453315,2.706709762,22.12809409,0.098940574,0.008252762,0.029222953,36,1
0.002576885,2.869356874,4.152422363,5.226871225,0.095330691,0.009161932,0.022866026,40,1
0.003909114,5.549283081,0.613586811,22.83097661,0.050838782,0.006847953,0.013781475,37,0
0.004203341,1.665690118,5.022385475,27.1456064,0.08680406,0.009307099,0.017191863,39,1
0.002561796,1.134686144,2.880934566,1.062659623,0.024960547,0.006365222,0.014592456,30,0
0.002904304,2.186780595,2.26773132,28.78105983,0.067904757,0.007807995,0.011426124,30,0
0.00376165,5.551360978,5.146437931,20.38761035,0.036968096,0.007346076,0.019573347,35,1
0.004481481,3.786814402,5.620481742,21.01938903,0.034257788,0.009929764,0.019509327,36,1
0.002396983,3.462125472,2.938908946,10.91817322,0.042791283,0.009677401,0.028797982,30,0
0.004595211,2.940027705,2.992604135,10.51746268,0.075702811,0.009328365,0.025036831,36,1
0.00469444,1.895389182,0.801360481,6.340356841,0.013066387,0.007069882,0.024665562,30,0
0.004882855,4.122461587,1.940033518,27.57859065,0.062313079,0.009973622,0.029437445,34,0
0.002315143,2.963632935,0.319293299,28.3860628,0.011350013,0.008547199,0.019870003,26,0
0.002194264,4.969399195,2.54420273,0.363891934,0.088398357,0.006873797,0.026176034,31,1
0.004589753,0.819291243,5.863002481,3.098683556,0.030364736,0.008663244,0.014023457,35,1
0.004075065,2.69150353,5.721371262,6.075566424,0.027631438,0.00612676,0.026567679,30,0
0.003236349,1.855061464,0.13107703,27.21098767,0.033784138,0.008028634,0.029009955,39,0
0.00279884,4.148706777,0.503416723,21.80262894,0.022706373,0.00784677,0.025428435,33,0
0.002290709,5.017421352,1.465318853,16.08794849,0.020364586,0.009965355,0.013630787,26,0
0.004815805,4.379738007,1.620269555,26.49915223,0.059397934,0.006082178,0.024408404,26,0
0.004072679,0.871877751,1.582355245,0.836395048,0.06486702,0.008233104,0.016565367,29,0
0.004131773,1.419552255,5.603177522,0.900683173,0.057586637,0.006399559,0.023954653,36,1
0.004766484,4.153829123,2.406247013,18.95382402,0.014532165,0.007423415,0.012198124,28,0
0.003439164,5.395465687,2.064007885,6.300035369,0.06503306,0.006277441,0.011845864,29,0
0.003233775,1.950181539,3.067611216,0.366426438,0.019954643,0.009143137,0.02051461,36,1
0.004535197,2.613746222,0.216719708,19.4604348,0.093515999,0.007015221,0.020820243,37,0
0.004153813,3.0421214,1.944034142,21.63731437,0.033704809,0.00828619,0.029625107,30,0
0.004030895,2.420005421,3.078838559,22.81897517,0.041931032,0.00908116,0.02006562,39,1
0.003499465,1.033563826,4.666813398,26.74183142,0.095862904,0.008200662,0.027711416,30,0
0.003581861,5.737703561,3.565636894,17.42454218,0.036676926,0.00681878,0.028647135,35,1
0.003766865,4.75763508,5.462109556,14.13639481,0.054881029,0.006285592,0.021725745,30,0
0.004643821,1.284708523,0.794924165,29.86744508,0.03709288,0.006323481,0.017610853,35,0
0.003146849,5.107938142,1.404340263,19.91837196,0.085528512,0.007592155,0.020902102,34,0
0.002892273,5.010519611,2.95774915,1.142834483,0.085608282,0.008132166,0.023843075,33,1
0.002947583,3.288137232,4.57539577,28.59711597,0.020889611,0.007230152,0.011598752,27,0
0.002024186,2.168484889,0.060384861,22.07948467,0.098453057,0.008872064,0.027000359,25,0
0.002575855,3.804652384,2.803454783,6.210578634,0.06062382,0.009386904,0.021619981,33,1
0.002568286,0.381735425,4.14567124,8.309580103,0.046572935,0.009658016,0.022417455,27,0
0.003565707,0.6418024,0.651306529,18.1036689,0.009265001,0.007820465,0.028017043,39,0
0.004214025,3.827511725,4.922464007,21.79438768,0.070077474,0.006931462,0.026264721,27,0
0.00254068,5.588204498,0.403417549,27.44270128,0.096928885,0.009737202,0.023497887,35,0
0.004614843,4.2711546,1.899105165,21.11577176,0.057269451,0.008951062,0.02927588,34,0
0.00404494,3.260746805,0.94874759,21.93312053,0.074618904,0.009550726,0.018050137,40,0
0.002056963,1.183597908,1.305165859,2.133558533,0.060941907,0.008753404,0.027895372,36,0
0.003410796,5.062470726,1.080985146,17.22484766,0.008811809,0.008262347,0.025418566,33,0
0.00339373,0.039194469,4.408134299,9.346885156,0.059684989,0.006920368,0.022453308,38,1
0.002044388,5.782234063,5.779086699,5.901858396,0.094371861,0.008997634,0.019125786,25,0
0.002794286,5.645775789,5.084961643,21.58953556,0.087947045,0.008512778,0.012304108,31,1
0.00200413,0.669825688,1.228716296,3.202176878,0.093316174,0.009120864,0.019835403,31,0
0.002282324,3.771511758,1.194530921,7.907618115,0.074150064,0.00671277,0.014990453,29,0
0.00210706,0.779532568,1.563061737,7.69155484,0.054254655,0.008849418,0.024127174,26,0
0.004096828,4.979857057,4.43348282,10.87324917,0.028488475,0.007395966,0.019563919,37,1
0.002337139,4.715600114,5.660597214,24.42909919,0.016081555,0.009021997,0.012627654,36,1
0.002630029,4.972244914,4.512782121,7.541076443,0.021987601,0.008314455,0.02418489,30,0
0.002864207,4.91110006,0.827295458,20.86112415,0.061106575,0.00671004,0.021664183,28,0
0.004368709,0.420139068,3.112106012,27.45252089,0.032922482,0.009792179,0.024701294,35,1
0.00394409,0.680290868,3.51444849,26.28865703,0.054588144,0.007704023,0.011330338,38,1
0.00390155,2.830537836,1.217906869,15.03556327,0.076177267,0.007961544,0.018922023,31,0
0.002294067,2.726573503,0.302595698,6.869307649,0.097978283,0.008028525,0.029903682,33,0
0.004246844,3.199769361,0.079276966,4.065241196,0.013806921,0.007541704,0.025133921,32,0
0.002058404,4.555939397,0.41772362,5.131573641,0.056582522,0.00846792,0.021021661,37,0
0.004720245,3.464004999,5.277824304,27.17201474,0.078386154,0.009179694,0.026594415,34,1
0.00385372,3.847602653,0.276162286,23.18373676,0.011494041,0.008534329,0.011635593,33,0
0.004175616,3.49813818,0.890600353,3.90341395,0.028590922,0.007711327,0.015482834,26,0
0.003727599,2.170027246,3.331921603,21.85238534,0.067465294,0.008035158,0.012356802,37,1
0.00239768,4.427861642,5.414255834,7.85704693,0.05406439,0.006110748,0.020154323,39,1
0.002661499,0.918606922,2.091854435,4.678328462,0.079037904,0.007565948,0.025391519,26,0
0.002622938,2.170938216,4.190328622,8.794751183,0.058373862,0.007410309,0.011668805,28,0
0.00377048,5.803091466,3.273661244,21.12230792,0.08071915,0.006542444,0.010519453,25,0
0.002524323,4.530469059,2.447870208,8.398015397,0.073089523,0.007554013,0.023220759,36,1
0.00309226,0.045331183,3.360750525,1.800054285,0.087821076,0.006691895,0.013592767,30,0
0.002262461,5.197186125,1.859710199,25.38185625,0.054206425,0.008153246,0.025719227,38,0
0.004841851,0.672469033,4.476694269,11.68644054,0.045645318,0.007027979,0.015372429,30,0
0.003430907,4.992264671,3.785479066,24.35954168,0.049770697,0.006998503,0.014912616,38,1
0.003278179,4.565717541,1.840029565,2.660374265,0.070640509,0.009134067,0.01377696,29,0
0.003626535,2.75727132,1.538350458,0.119694638,0.082811383,0.008382583,0.028052327,34,0
0.002396057,5.504509587,5.895068897,3.850940633,0.076270158,0.00853509,0.027073408,30,0
0.003651831,5.527874222,1.67666462,5.954179297,0.089218241,0.007526092,0.021172927,32,0
0.004404071,4.584315229,5.578921293,6.60694149,0.025618812,0.009839826,0.01578966,40,1
0.00479375,0.761221894,0.779986869,2.901928724,0.044514382,0.006781007,0.027141291,32,0
0.004430576,4.607351596,1.726445321,15.30182907,0.032655933,0.009928753,0.013280513,28,0
0.004955899,1.37095713,0.592536844,1.024794097,0.039723014,0.008419163,0.014404314,29,0
0.004432133,2.082718281,1.671621909,27.55161504,0.015009884,0.006524411,0.025157128,34,0
0.003631227,3.63469967,5.30108731,12.88251802,0.02428898,0.006487657,0.011124544,30,0
0.004346269,3.273431494,1.61319801,19.47988204,0.041572199,0.007576322,0.02795734,39,0
0.004725003,1.660339507,3.056807863,0.53557995,0.034562181,0.008570734,0.015496259,39,1
0.002250059,5.792591749,5.969552334,6.017936056,0.077751741,0.008651642,0.028788636,26,0
0.004867252,3.400984996,1.401397718,11.69173608,0.074040333,0.009343619,0.016349407,38,0
0.003917304,5.549415948,0.165474074,9.071886175,0.030553996,0.009900644,0.022611678,27,0
0.002647007,0.72794398,2.698408743,29.95875902,0.092462429,0.007081456,0.015134882,26,0
0.002341171,5.313655309,3.803712435,27.24929496,0.0192138,0.006146641,0.026530199,38,1
0.004669094,0.017957564,3.879156324,15.65150139,0.094147883,0.009346186,0.020362341,34,1
0.003498887,2.12205046,0.607898156,2.432415465,0.040988703,0.00955264,0.026905399,28,0
0.002598962,1.163305691,3.298148167,16.37668568,0.008698849,0.008221191,0.02694882,37,0
0.003520497,0.099651506,0.892748369,12.84151689,0.07958531,0.007934373,0.01343165,27,0
0.003939523,2.490935374,2.927561598,14.95387993,0.068474163,0.009199446,0.029384804,31,1
0.003487909,0.385670266,4.754471244,0.355789567,0.027231293,0.007553223,0.015199136,39,1
0.004255196,2.89920541,4.434328778,23.92383227,0.017333239,0.00614677,0.028558183,38,1
0.00268323,5.87163012,5.023857231,13.48668141,0.085613194,0.00909452,0.018135453,32,1
0.002802083,1.320718683,1.429196072,13.03437831,0.090059188,0.006144814,0.016441531,38,0
0.00274686,2.018025486,2.193461535,23.32565155,0.035294634,0.009920525,0.020642644,38,1
0.002164241,4.602485183,2.801527627,4.823674504,0.032789331,0.006769327,0.019533471,36,1
0.002697837,2.573186884,3.705139623,10.64281548,0.084510339,0.007967227,0.016220142,34,1
0.004443128,2.012089183,3.828947259,5.192708991,0.054330327,0.009921705,0.018189454,31,1
0.004655397,3.151363863,2.175328365,13.8728058,0.011406945,0.006608202,0.027068623,40,1
0.002729457,0.850070216,3.008805214,10.72496795,0.055867939,0.009590886,0.026982678,33,1
0.002237779,0.751968165,1.09000796,12.28790012,0.014261876,0.007209597,0.012747562,31,0
0.002521294,1.365371752,3.727555309,15.77999103,0.079283479,0.007657069,0.023499224,37,1
0.002127804,2.67362481,3.66387155,19.59663233,0.032429728,0.009338046,0.011810458,31,1
0.004900386,0.079857755,3.448717782,18.44408147,0.05767171,0.009967324,0.029134453,36,1
0.004241351,2.025869362,0.90276745,16.53298771,0.024293044,0.008709103,0.027326742,29,0
0.004115134,5.296537442,4.63654423,15.20713379,0.037907344,0.007307746,0.018222604,33,1
0.002999913,4.663177817,3.646337545,20.32665292,0.08445648,0.007694864,0.025824629,25,0
0.004971544,0.774255116,4.773026055,3.339216636,0.038650773,0.009289397,0.018903581,30,0
0.00311319,3.041035287,4.228441484,15.38117293,0.074816444,0.007842961,0.013810402,27,0
0.00249141,0.663229966,4.845486315,20.53474827,0.022077392,0.008321633,0.016611321,34,1
0.00482303,0.653741539,4.150222022,26.93556571,0.092201937,0.007472023,0.021640638,27,0
0.002320968,0.074901667,3.904892488,12.9006861,0.009620582,0.009758339,0.010573728,26,0
0.002014153,2.023578346,5.818625566,11.08769603,0.012436341,0.00945693,0.017671568,32,1
0.003206266,4.345712871,4.872725499,6.017499919,0.019226434,0.00821226,0.029737486,38,1
0.002518928,0.816321861,1.755327378,25.8832865,0.075433213,0.00908665,0.025899354,27,0
0.004419772,5.596061733,0.773519965,16.24214281,0.016841917,0.009424392,0.01060117,38,0
0.003438245,4.915515981,3.495888515,18.04835503,0.06673069,0.007842347,0.015281764,35,1
0.003604472,3.760664683,2.050268025,3.049657587,0.094819985,0.006280778,0.016126274,29,0
0.004215721,2.704551978,1.556036455,10.86398401,0.066571602,0.006723812,0.012991233,38,0
0.003669686,5.582421695,0.176130148,7.027562376,0.074556211,0.007478675,0.015357562,39,0
0.004544881,4.893733736,3.981138782,29.22755186,0.075205786,0.009579196,0.029007459,33,1
0.002438947,2.138302509,1.470140331,13.76704373,0.037156496,0.007879777,0.010023752,27,0
0.004749073,3.410423837,3.093573926,23.84782373,0.012151772,0.008193763,0.023361706,28,0
0.003157004,5.435178644,1.734288793,5.472213933,0.045352719,0.00678672,0.011529856,36,0
0.003800339,2.258892182,2.234663775,27.04935278,0.073380835,0.007824962,0.021066384,39,1
0.002121601,4.831461797,1.084890066,19.59151223,0.06234544,0.006320174,0.018550529,36,0
0.004141761,0.099576229,5.838225865,6.035711366,0.046010436,0.00835549,0.028762724,39,1
0.003633087,2.338163138,5.969052792,25.55649189,0.052975716,0.00716192,0.020660338,34,1
0.004144786,4.609330742,0.602763171,18.56872859,0.058986936,0.008404615,0.016545368,28,0
0.004452076,0.906153957,0.073950303,2.118715157,0.06612579,0.009345484,0.010005195,32,0
0.004700777,3.118929957,1.188323252,21.91550043,0.039220753,0.009105456,0.024944476,25,0
0.003156348,1.991414413,4.859238192,13.27846993,0.009032097,0.00794736,0.026098537,25,0
0.003676193,2.566385346,0.886917139,16.42578166,0.077939256,0.009783975,0.014105237,38,0
0.003998708,5.099325229,1.117241268,1.042427934,0.038018715,0.009259352,0.011301688,35,0
0.004100145,2.401627869,5.892976391,19.88214931,0.084167961,0.006031705,0.016402758,31,1
0.004660187,2.807996652,1.193787775,22.89354042,0.009247792,0.008620333,0.013705687,26,0
